names,formula,mass,smiles,inchikey
acetaminophen;paracetamol;N-(4-hydroxyphenyl)acetamide,C8H9NO2,151.06333,CC(=O)NC1=CC=C(C=C1)O,RZVAJINKPMORJF-UHFFFAOYSA-N
acetylsalicylic acid;aspirin;2-acetyloxybenzoic acid,C9H8O4,180.04226,CC(=O)OC1=CC=CC=C1C(=O)O,BSYNRYMUTXBXSQ-UHFFFAOYSA-N
ibuprofen;58560-75-1;2-[4-(2-methylpropyl)phenyl]propanoic acid,C13H18O2,206.13068,CC(C)CC1=CC=C(C=C1)C(C)C(=O)O,HEFNNWSXXWATRW-UHFFFAOYSA-N
naproxen;(2S)-2-(6-methoxynaphthalen-2-yl)propanoic acid,C14H14O3,230.09429,C[C@@H](C1=CC2=C(C=C1)C=C(C=C2)OC)C(=O)O,CMWTZPSULFXXJA-VIFPVBQESA-N
"diclofenac;2-[2-(2,6-dichloroanilino)phenyl]acetic acid",C14H11Cl2NO2,295.01668,C1=CC=C(C(=C1)CC(=O)O)NC2=C(C=CC=C2Cl)Cl,DCOPUUMXTXDBNB-UHFFFAOYSA-N
ketoprofen;2-(3-benzoylphenyl)propanoic acid,C16H14O3,254.09429,CC(C1=CC(=CC=C1)C(=O)C2=CC=CC=C2)C(=O)O,DKYWVDODHFEZIM-UHFFFAOYSA-N
indomethacin;2-[1-(4-chlorobenzoyl)-5-methoxy-2-methylindol-3-yl]acetic acid,C19H16ClNO4,357.07679,CC1=C(C2=C(N1C(=O)C3=CC=C(C=C3)Cl)C=CC(=C2)OC)CC(=O)O,CGIGDMFJXJATDK-UHFFFAOYSA-N
"mefenamic acid;2-(2,3-dimethylanilino)benzoic acid",C15H15NO2,241.11028,CC1=C(C(=CC=C1)NC2=CC=CC=C2C(=O)O)C,HYYBABOKPJLUIN-UHFFFAOYSA-N
flurbiprofen;2-(3-fluoro-4-phenylphenyl)propanoic acid,C15H13FO2,244.08996,CC(C1=CC(=C(C=C1)C2=CC=CC=C2)F)C(=O)O,SYTBZMRGLBWNTM-UHFFFAOYSA-N
"piroxicam;4-hydroxy-2-methyl-1,1-dioxo-N-pyridin-2-yl-1lambda6,2-benzothiazine-3-carboxamide",C15H13N3O4S,331.06268,CN1C(=C(C2=CC=CC=C2S1(=O)=O)O)C(=O)NC3=CC=CC=N3,QYSPLQLAKJAUJT-UHFFFAOYSA-N
"meloxicam;4-hydroxy-2-methyl-N-(5-methyl-1,3-thiazol-2-yl)-1,1-dioxo-1lambda6,2-benzothiazine-3-carboxamide",C14H13N3O4S2,351.03475,CC1=CN=C(S1)NC(=O)C2=C(C3=CC=CC=C3S(=O)(=O)N2C)O,ZRVUJXDFFKFLMG-UHFFFAOYSA-N
celecoxib;4-[5-(4-methylphenyl)-3-(trifluoromethyl)pyrazol-1-yl]benzenesulfonamide,C17H14F3N3O2S,381.07588,CC1=CC=C(C=C1)C2=CC(=NN2C3=CC=C(C=C3)S(=O)(=O)N)C(F)(F)F,RZEKVGVHFLEQIL-UHFFFAOYSA-N
"tramadol;cis-(1R,2R)-2-[(dimethylamino)methyl]-1-(3-methoxyphenyl)cyclohexan-1-ol",C16H25NO2,263.18853,CN(C)C[C@H]1CCCC[C@@]1(C2=CC(=CC=C2)OC)O,TVYLLZQTGLZFBW-ZBFHGGJFSA-N
"codeine;(4R,4aR,7S,7aR,12bS)-9-methoxy-3-methyl-2,4,4a,7,7a,13-hexahydro-1H-4,12-methanobenzofuro[3,2-e]isoquinolin-7-ol",C18H21NO3,299.15214,CN1CC[C@]23[C@@H]4[C@H]1CC5=C2C(=C(C=C5)OC)O[C@H]3[C@H](C=C4)O,OROGSEYTTFOCAN-DNJOTXNNSA-N
"morphine;(4R,4aR,7S,7aR,12bS)-3-methyl-2,4,4a,7,7a,13-hexahydro-1H-4,12-methanobenzofuro[3,2-e]isoquinoline-7,9-diol",C17H19NO3,285.13649,CN1CC[C@]23[C@@H]4[C@H]1CC5=C2C(=C(C=C5)O)O[C@H]3[C@H](C=C4)O,BQJCRHHNABKAKU-KBQPJGBKSA-N
"oxycodone;(4R,4aS,7aR,12bS)-4a-hydroxy-9-methoxy-3-methyl-2,4,5,6,7a,13-hexahydro-1H-4,12-methanobenzofuro[3,2-e]isoquinolin-7-one",C18H21NO4,315.14706,CN1CC[C@]23[C@@H]4C(=O)CC[C@]2([C@H]1CC5=C3C(=C(C=C5)OC)O4)O,BRUQQQPBMZOVGD-XFKAJCMBSA-N
fentanyl;N-phenyl-N-[1-(2-phenylethyl)piperidin-4-yl]propanamide,C22H28N2O,336.22016,CCC(=O)N(C1CCN(CC1)CCC2=CC=CC=C2)C3=CC=CC=C3,PJMPHNIQZUBGLI-UHFFFAOYSA-N
"methadone;6-(dimethylamino)-4,4-diphenylheptan-3-one",C21H27NO,309.20926,CCC(=O)C(CC(C)N(C)C)(C1=CC=CC=C1)C2=CC=CC=C2,USSIQXCVUWKGNF-UHFFFAOYSA-N
"caffeine;1,3,7-trimethylpurine-2,6-dione",C8H10N4O2,194.08038,CN1C=NC2=C1C(=O)N(C(=O)N2C)C,RYYVLZVUVIJVGH-UHFFFAOYSA-N
"theophylline;1,3-dimethyl-7H-purine-2,6-dione",C7H8N4O2,180.06473,CN1C2=C(C(=O)N(C1=O)C)NC=N2,ZFXYFBGIUFBOJW-UHFFFAOYSA-N
"paraxanthine;1,7-dimethyl-3H-purine-2,6-dione",C7H8N4O2,180.06473,CN1C=NC2=C1C(=O)N(C(=O)N2)C,QUNWUDVFRNGTCO-UHFFFAOYSA-N
nicotine;3-[(2S)-1-methylpyrrolidin-2-yl]pyridine,C10H14N2,162.11570,CN1CCC[C@H]1C2=CN=CC=C2,SNICXCGAKADSCV-JTQLQIEISA-N
cotinine;(5S)-1-methyl-5-pyridin-3-ylpyrrolidin-2-one,C10H12N2O,176.09496,CN1[C@@H](CCC1=O)C2=CN=CC=C2,UIKROCXWUNQSPJ-VIFPVBQESA-N
carbamazepine;benzo[b][1]benzazepine-11-carboxamide,C15H12N2O,236.09496,C1=CC=C2C(=C1)C=CC3=CC=CC=C3N2C(=O)N,FFGPTBGBLSHEPO-UHFFFAOYSA-N
oxcarbazepine;5-oxo-6H-benzo[b][1]benzazepine-11-carboxamide,C15H12N2O2,252.08988,C1C2=CC=CC=C2N(C3=CC=CC=C3C1=O)C(=O)N,CTRLABGOLIVAIY-UHFFFAOYSA-N
"lamotrigine;6-(2,3-dichlorophenyl)-1,2,4-triazine-3,5-diamine",C9H7Cl2N5,255.00785,C1=CC(=C(C(=C1)Cl)Cl)C2=C(N=C(N=N2)N)N,PYZRQGJRPPTADH-UHFFFAOYSA-N
"phenytoin;5,5-diphenylimidazolidine-2,4-dione",C15H12N2O2,252.08988,C1=CC=C(C=C1)C2(C(=O)NC(=O)N2)C3=CC=CC=C3,CXOFVDLJLONNDW-UHFFFAOYSA-N
valproic acid;2-propylpentanoic acid,C8H16O2,144.11503,CCCC(CCC)C(=O)O,NIJJYAXOARWZEE-UHFFFAOYSA-N
levetiracetam;(2S)-2-(2-oxopyrrolidin-1-yl)butanamide,C8H14N2O2,170.10553,CC[C@@H](C(=O)N)N1CCCC1=O,HPHUVLMMVZITSG-LURJTMIESA-N
gabapentin;2-[1-(aminomethyl)cyclohexyl]acetic acid,C9H17NO2,171.12593,C1CCC(CC1)(CC(=O)O)CN,UGJMXCAKCUNAIE-UHFFFAOYSA-N
pregabalin;(3S)-3-(aminomethyl)-5-methylhexanoic acid,C8H17NO2,159.12593,CC(C)C[C@@H](CC(=O)O)CN,AYXYPKUFHZROOJ-ZETCQYMHSA-N
"topiramate;[(1R,2S,6S,9R)-4,4,11,11-tetramethyl-3,5,7,10,12-pentaoxatricyclo[7.3.0.02,6]dodecan-6-yl]methyl sulfamate",C12H21NO8S,339.09879,CC1(O[C@@H]2CO[C@@]3([C@H]([C@@H]2O1)OC(O3)(C)C)COS(=O)(=O)N)C,KJADKKWYZYXHBB-XBWDGYHZSA-N
"primidone;5-ethyl-5-phenyl-1,3-diazinane-4,6-dione",C12H14N2O2,218.10553,CCC1(C(=O)NCNC1=O)C2=CC=CC=C2,DQMZLTXERSFNPB-UHFFFAOYSA-N
"phenobarbital;5-ethyl-5-phenyl-1,3-diazinane-2,4,6-trione",C12H12N2O3,232.08479,CCC1(C(=O)NC(=O)NC1=O)C2=CC=CC=C2,DDBREPKUVSBGFI-UHFFFAOYSA-N
"diazepam;7-chloro-1-methyl-5-phenyl-3H-1,4-benzodiazepin-2-one",C16H13ClN2O,284.07164,CN1C(=O)CN=C(C2=C1C=CC(=C2)Cl)C3=CC=CC=C3,AAOVKJBEBIDNHE-UHFFFAOYSA-N
"lorazepam;7-chloro-5-(2-chlorophenyl)-3-hydroxy-1,3-dihydro-1,4-benzodiazepin-2-one",C15H10Cl2N2O2,320.01193,C1=CC=C(C(=C1)C2=NC(C(=O)NC3=C2C=C(C=C3)Cl)O)Cl,DIWRORZWFLOCLC-UHFFFAOYSA-N
"oxazepam;7-chloro-3-hydroxy-5-phenyl-1,3-dihydro-1,4-benzodiazepin-2-one",C15H11ClN2O2,286.05091,C1=CC=C(C=C1)C2=NC(C(=O)NC3=C2C=C(C=C3)Cl)O,ADIMAYPTOBDMTL-UHFFFAOYSA-N
"temazepam;7-chloro-3-hydroxy-1-methyl-5-phenyl-3H-1,4-benzodiazepin-2-one",C16H13ClN2O2,300.06656,CN1C2=C(C=C(C=C2)Cl)C(=NC(C1=O)O)C3=CC=CC=C3,SEQDDYPDSLOBDC-UHFFFAOYSA-N
"alprazolam;8-chloro-1-methyl-6-phenyl-4H-[1,2,4]triazolo[4,3-a][1,4]benzodiazepine",C17H13ClN4,308.08287,CC1=NN=C2N1C3=C(C=C(C=C3)Cl)C(=NC2)C4=CC=CC=C4,VREFGVBLTWBCJP-UHFFFAOYSA-N
"clonazepam;5-(2-chlorophenyl)-7-nitro-1,3-dihydro-1,4-benzodiazepin-2-one",C15H10ClN3O3,315.04107,C1C(=O)NC2=C(C=C(C=C2)[N+](=O)[O-])C(=N1)C3=CC=CC=C3Cl,DGBIGWXXNGSACT-UHFFFAOYSA-N
"zolpidem;N,N-dimethyl-2-[6-methyl-2-(4-methylphenyl)imidazo[1,2-a]pyridin-3-yl]acetamide",C19H21N3O,307.16846,CC1=CC=C(C=C1)C2=C(N3C=C(C=CC3=N2)C)CC(=O)N(C)C,ZAFYATHCZYHLPB-UHFFFAOYSA-N
fluoxetine;N-methyl-3-phenyl-3-[4-(trifluoromethyl)phenoxy]propan-1-amine,C17H18F3NO,309.13405,CNCCC(C1=CC=CC=C1)OC2=CC=C(C=C2)C(F)(F)F,RTHCYVBBDHJXIQ-UHFFFAOYSA-N
"sertraline;(1S,4S)-4-(3,4-dichlorophenyl)-N-methyl-1,2,3,4-tetrahydronaphthalen-1-amine",C17H17Cl2N,305.07380,CN[C@H]1CC[C@H](C2=CC=CC=C12)C3=CC(=C(C=C3)Cl)Cl,VGKDLMBJGBXTGI-SJCJKPOMSA-N
"paroxetine;(3S,4R)-3-(1,3-benzodioxol-5-yloxymethyl)-4-(4-fluorophenyl)piperidine",C19H20FNO3,329.14272,C1CNC[C@H]([C@@H]1C2=CC=C(C=C2)F)COC3=CC4=C(C=C3)OCO4,AHOUBRCZNHFOSL-YOEHRIQHSA-N
citalopram;1-[3-(dimethylamino)propyl]-1-(4-fluorophenyl)-3H-2-benzofuran-5-carbonitrile,C20H21FN2O,324.16379,CN(C)CCCC1(C2=C(CO1)C=C(C=C2)C#N)C3=CC=C(C=C3)F,WSEQXVZVJXJVFP-UHFFFAOYSA-N
venlafaxine;1-[2-(dimethylamino)-1-(4-methoxyphenyl)ethyl]cyclohexan-1-ol,C17H27NO2,277.20418,CN(C)CC(C1=CC=C(C=C1)OC)C2(CCCCC2)O,PNVNVHUZROJLTJ-UHFFFAOYSA-N
"amitriptyline;N,N-dimethyl-3-(2-tricyclo[9.4.0.03,8]pentadeca-1(15),3,5,7,11,13-hexaenylidene)propan-1-amine",C20H23N,277.18305,CN(C)CCC=C1C2=CC=CC=C2CCC3=CC=CC=C31,KRMDCWKBEZIMAB-UHFFFAOYSA-N
"nortriptyline;N-methyl-3-(2-tricyclo[9.4.0.03,8]pentadeca-1(15),3,5,7,11,13-hexaenylidene)propan-1-amine",C19H21N,263.16740,CNCCC=C1C2=CC=CC=C2CCC3=CC=CC=C31,PHVGLTMQBUFIQQ-UHFFFAOYSA-N
"imipramine;3-(5,6-dihydrobenzo[b][1]benzazepin-11-yl)-N,N-dimethylpropan-1-amine",C19H24N2,280.19395,CN(C)CCCN1C2=CC=CC=C2CCC3=CC=CC=C31,BCGWQEUPMDMJNV-UHFFFAOYSA-N
"mirtazapine;5-methyl-2,5,19-triazatetracyclo[13.4.0.02,7.08,13]nonadeca-1(15),8,10,12,16,18-hexaene",C17H19N3,265.15790,CN1CCN2C(C1)C3=CC=CC=C3CC4=C2N=CC=C4,RONZAEMNMFQXRA-UHFFFAOYSA-N
bupropion;2-(tert-butylamino)-1-(3-chlorophenyl)propan-1-one,C13H18ClNO,239.10769,CC(C(=O)C1=CC(=CC=C1)Cl)NC(C)(C)C,SNPPWIUOZRMYNY-UHFFFAOYSA-N
"trazodone;2-[3-[4-(3-chlorophenyl)piperazin-1-yl]propyl]-[1,2,4]triazolo[4,3-a]pyridin-3-one",C19H22ClN5O,371.15129,C1CN(CCN1CCCN2C(=O)N3C=CC=CC3=N2)C4=CC(=CC=C4)Cl,PHLBKPHSAVXXEF-UHFFFAOYSA-N
haloperidol;4-[4-(4-chlorophenyl)-4-hydroxypiperidin-1-yl]-1-(4-fluorophenyl)butan-1-one,C21H23ClFNO2,375.14013,C1CN(CCC1(C2=CC=C(C=C2)Cl)O)CCCC(=O)C3=CC=C(C=C3)F,LNEPOXFFQSENCJ-UHFFFAOYSA-N
"risperidone;3-[2-[4-(6-fluoro-1,2-benzoxazol-3-yl)piperidin-1-yl]ethyl]-2-methyl-6,7,8,9-tetrahydropyrido[1,2-a]pyrimidin-4-one",C23H27FN4O2,410.21180,CC1=C(C(=O)N2CCCCC2=N1)CCN3CCC(CC3)C4=NOC5=C4C=CC(=C5)F,RAPZEAPATHNIPO-UHFFFAOYSA-N
"olanzapine;2-methyl-4-(4-methylpiperazin-1-yl)-10H-thieno[2,3-b][1,5]benzodiazepine",C17H20N4S,312.14087,CC1=CC2=C(S1)NC3=CC=CC=C3N=C2N4CCN(CC4)C,KVWDHTXUZHCGIO-UHFFFAOYSA-N
"quetiapine;2-[2-(4-benzo[b][1,4]benzothiazepin-6-ylpiperazin-1-yl)ethoxy]ethanol",C21H25N3O2S,383.16675,C1CN(CCN1CCOCCO)C2=NC3=CC=CC=C3SC4=CC=CC=C42,URKOMYMAXPYINW-UHFFFAOYSA-N
"clozapine;3-chloro-6-(4-methylpiperazin-1-yl)-11H-benzo[b][1,4]benzodiazepine",C18H19ClN4,326.12982,CN1CCN(CC1)C2=NC3=C(C=CC(=C3)Cl)NC4=CC=CC=C42,QZUDBNBUXVUHMW-UHFFFAOYSA-N
"aripiprazole;7-[4-[4-(2,3-dichlorophenyl)piperazin-1-yl]butoxy]-3,4-dihydro-1H-quinolin-2-one",C23H27Cl2N3O2,447.14803,C1CC(=O)NC2=C1C=CC(=C2)OCCCCN3CCN(CC3)C4=C(C(=CC=C4)Cl)Cl,CEUORZQYGODEFX-UHFFFAOYSA-N
atenolol;2-[4-[2-hydroxy-3-(propan-2-ylamino)propoxy]phenyl]acetamide,C14H22N2O3,266.16304,CC(C)NCC(COC1=CC=C(C=C1)CC(=O)N)O,METKIMKYRPQLGS-UHFFFAOYSA-N
metoprolol;1-[4-(2-methoxyethyl)phenoxy]-3-(propan-2-ylamino)propan-2-ol,C15H25NO3,267.18344,CC(C)NCC(COC1=CC=C(C=C1)CCOC)O,IUBSYMUCCVWXPE-UHFFFAOYSA-N
propranolol;1-naphthalen-1-yloxy-3-(propan-2-ylamino)propan-2-ol,C16H21NO2,259.15723,CC(C)NCC(COC1=CC=CC2=CC=CC=C21)O,AQHHHDLHHXJYJD-UHFFFAOYSA-N
bisoprolol;1-(propan-2-ylamino)-3-[4-(2-propan-2-yloxyethoxymethyl)phenoxy]propan-2-ol,C18H31NO4,325.22531,CC(C)NCC(COC1=CC=C(C=C1)COCCOC(C)C)O,VHYCDWMUTMEGQY-UHFFFAOYSA-N
"nadolol;(2R,3S)-5-[3-(tert-butylamino)-2-hydroxypropoxy]-1,2,3,4-tetrahydronaphthalene-2,3-diol",C17H27NO4,309.19401,CC(C)(C)NCC(COC1=CC=CC2=C1C[C@@H]([C@@H](C2)O)O)O,VWPOSFSPZNDTMJ-UCWKZMIHSA-N
sotalol;N-[4-[1-hydroxy-2-(propan-2-ylamino)ethyl]phenyl]methanesulfonamide,C12H20N2O3S,272.11946,CC(C)NCC(C1=CC=C(C=C1)NS(=O)(=O)C)O,ZBMZVLHSJCTVON-UHFFFAOYSA-N
carvedilol;1-(9H-carbazol-4-yloxy)-3-[2-(2-methoxyphenoxy)ethylamino]propan-2-ol,C24H26N2O4,406.18926,COC1=CC=CC=C1OCCNCC(COC2=CC=CC3=C2C4=CC=CC=C4N3)O,OGHNVEJMJSYVRP-UHFFFAOYSA-N
labetalol;2-hydroxy-5-[1-hydroxy-2-(4-phenylbutan-2-ylamino)ethyl]benzamide,C19H24N2O3,328.17869,CC(CCC1=CC=CC=C1)NCC(C2=CC(=C(C=C2)O)C(=O)N)O,SGUAFYQXFOLMHL-UHFFFAOYSA-N
losartan;[2-butyl-5-chloro-3-[[4-[2-(2H-tetrazol-5-yl)phenyl]phenyl]methyl]imidazol-4-yl]methanol,C22H23ClN6O,422.16219,CCCCC1=NC(=C(N1CC2=CC=C(C=C2)C3=CC=CC=C3C4=NNN=N4)CO)Cl,PSIFNNKUMBGKDQ-UHFFFAOYSA-N
valsartan;(2S)-3-methyl-2-[pentanoyl-[[4-[2-(2H-tetrazol-5-yl)phenyl]phenyl]methyl]amino]butanoic acid,C24H29N5O3,435.22704,CCCCC(=O)N(CC1=CC=C(C=C1)C2=CC=CC=C2C3=NNN=N3)[C@@H](C(C)C)C(=O)O,ACWBQPMHZXGDFX-QFIPXVFZSA-N
"irbesartan;2-butyl-3-[[4-[2-(2H-tetrazol-5-yl)phenyl]phenyl]methyl]-1,3-diazaspiro[4.4]non-1-en-4-one",C25H28N6O,428.23246,CCCCC1=NC2(CCCC2)C(=O)N1CC3=CC=C(C=C3)C4=CC=CC=C4C5=NNN=N5,YOSHYTLCDANDAN-UHFFFAOYSA-N
candesartan;2-ethoxy-3-[[4-[2-(2H-tetrazol-5-yl)phenyl]phenyl]methyl]benzimidazole-4-carboxylic acid,C24H20N6O3,440.15969,CCOC1=NC2=CC=CC(=C2N1CC3=CC=C(C=C3)C4=CC=CC=C4C5=NNN=N5)C(=O)O,HTQMVQVXFRQIKW-UHFFFAOYSA-N
telmisartan;2-[4-[[4-methyl-6-(1-methylbenzimidazol-2-yl)-2-propylbenzimidazol-1-yl]methyl]phenyl]benzoic acid,C33H30N4O2,514.23688,CCCC1=NC2=C(N1CC3=CC=C(C=C3)C4=CC=CC=C4C(=O)O)C=C(C=C2C)C5=NC6=CC=CC=C6N5C,RMMXLENWKUUMAY-UHFFFAOYSA-N
olmesartan;5-(2-hydroxypropan-2-yl)-2-propyl-3-[[4-[2-(2H-tetrazol-5-yl)phenyl]phenyl]methyl]imidazole-4-carboxylic acid,C24H26N6O3,446.20664,CCCC1=NC(=C(N1CC2=CC=C(C=C2)C3=CC=CC=C3C4=NNN=N4)C(=O)O)C(C)(C)O,VTRAEEWXHOVJFV-UHFFFAOYSA-N
enalapril;(2S)-1-[(2S)-2-[[(2S)-1-ethoxy-1-oxo-4-phenylbutan-2-yl]amino]propanoyl]pyrrolidine-2-carboxylic acid,C20H28N2O5,376.19982,CCOC(=O)[C@H](CCC1=CC=CC=C1)N[C@@H](C)C(=O)N2CCC[C@H]2C(=O)O,GBXSMTUPTTWBMN-XIRDDKMYSA-N
lisinopril;(2S)-1-[(2S)-6-amino-2-[[(1S)-1-carboxy-3-phenylpropyl]amino]hexanoyl]pyrrolidine-2-carboxylic acid,C21H31N3O5,405.22637,C1C[C@H](N(C1)C(=O)[C@H](CCCCN)N[C@@H](CCC2=CC=CC=C2)C(=O)O)C(=O)O,RLAWWYSOJDYHDC-BZSNNMDCSA-N
"ramipril;(2S,3aS,6aS)-1-[(2S)-2-[[(2S)-1-ethoxy-1-oxo-4-phenylbutan-2-yl]amino]propanoyl]-3,3a,4,5,6,6a-hexahydro-2H-cyclopenta[b]pyrrole-2-carboxylic acid",C23H32N2O5,416.23112,CCOC(=O)[C@H](CCC1=CC=CC=C1)N[C@@H](C)C(=O)N2[C@H]3CCC[C@H]3C[C@H]2C(=O)O,HDACQVRGBOVJII-JBDAPHQKSA-N
captopril;(2S)-1-[(2S)-2-methyl-3-sulfanylpropanoyl]pyrrolidine-2-carboxylic acid,C9H15NO3S,217.07726,C[C@H](CS)C(=O)N1CCC[C@H]1C(=O)O,FAKRSMQSSFJEIM-RQJHMYQMSA-N
"amlodipine;3-O-ethyl 5-O-methyl 2-(2-aminoethoxymethyl)-4-(2-chlorophenyl)-6-methyl-1,4-dihydropyridine-3,5-dicarboxylate",C20H25ClN2O5,408.14520,CCOC(=O)C1=C(NC(=C(C1C2=CC=CC=C2Cl)C(=O)OC)C)COCCN,HTIQEAQVCYTUBX-UHFFFAOYSA-N
"nifedipine;dimethyl 2,6-dimethyl-4-(2-nitrophenyl)-1,4-dihydropyridine-3,5-dicarboxylate",C17H18N2O6,346.11649,CC1=C(C(C(=C(N1)C)C(=O)OC)C2=CC=CC=C2[N+](=O)[O-])C(=O)OC,HYIMSNHJOBLJNT-UHFFFAOYSA-N
"diltiazem;[(2S,3S)-5-[2-(dimethylamino)ethyl]-2-(4-methoxyphenyl)-4-oxo-2,3-dihydro-1,5-benzothiazepin-3-yl] acetate",C22H26N2O4S,414.16133,CC(=O)O[C@@H]1[C@@H](SC2=CC=CC=C2N(C1=O)CCN(C)C)C3=CC=C(C=C3)OC,HSUGRBWQSSZJOP-RTWAWAEBSA-N
"verapamil;2-(3,4-dimethoxyphenyl)-5-[2-(3,4-dimethoxyphenyl)ethyl-methylamino]-2-propan-2-ylpentanenitrile",C27H38N2O4,454.28316,CC(C)C(CCCN(C)CCC1=CC(=C(C=C1)OC)OC)(C#N)C2=CC(=C(C=C2)OC)OC,SGTNSNPWRIOYBX-UHFFFAOYSA-N
furosemide;4-chloro-2-(furan-2-ylmethylamino)-5-sulfamoylbenzoic acid,C12H11ClN2O5S,330.00772,C1=COC(=C1)CNC2=CC(=C(C=C2C(=O)O)S(=O)(=O)N)Cl,ZZUFCTLCJUWOSV-UHFFFAOYSA-N
"hydrochlorothiazide;6-chloro-1,1-dioxo-3,4-dihydro-2H-1lambda6,2,4-benzothiadiazine-7-sulfonamide",C7H8ClN3O4S2,296.96448,C1NC2=CC(=C(C=C2S(=O)(=O)N1)S(=O)(=O)N)Cl,JZUFKLXOESDKRF-UHFFFAOYSA-N
chlorthalidone;2-chloro-5-(1-hydroxy-3-oxo-2H-isoindol-1-yl)benzenesulfonamide,C14H11ClN2O4S,338.01281,C1=CC=C2C(=C1)C(=O)NC2(C3=CC(=C(C=C3)Cl)S(=O)(=O)N)O,JIVPVXMEBJLZRO-UHFFFAOYSA-N
"spironolactone;S-[(7R,8R,9S,10R,13S,14S,17R)-10,13-dimethyl-3,5'-dioxospiro[2,6,7,8,9,11,12,14,15,16-decahydro-1H-cyclopenta[a]phenanthrene-17,2'-oxolane]-7-yl] ethanethioate",C24H32O4S,416.20213,CC(=O)S[C@@H]1CC2=CC(=O)CC[C@@]2([C@@H]3[C@@H]1[C@@H]4CC[C@]5([C@]4(CC3)C)CCC(=O)O5)C,LXMSZDCAJNLERA-ZHYRCANASA-N
torasemide;1-[[4-(3-methylanilino)-3-pyridinyl]sulfonyl]-3-propan-2-ylurea,C16H20N4O3S,348.12561,CC1=CC(=CC=C1)NC2=C(C=NC=C2)S(=O)(=O)NC(=O)NC(C)C,NGBFQHCMQULJNZ-UHFFFAOYSA-N
bezafibrate;2-[4-[2-[(4-chlorobenzoyl)amino]ethyl]phenoxy]-2-methylpropanoic acid,C19H20ClNO4,361.10809,CC(C)(C(=O)O)OC1=CC=C(C=C1)CCNC(=O)C2=CC=C(C=C2)Cl,IIBYAHWJQTYFKB-UHFFFAOYSA-N
"gemfibrozil;5-(2,5-dimethylphenoxy)-2,2-dimethylpentanoic acid",C15H22O3,250.15689,CC1=CC(=C(C=C1)C)OCCCC(C)(C)C(=O)O,HEMJJKBWTPKOJG-UHFFFAOYSA-N
fenofibrate;propan-2-yl 2-[4-(4-chlorobenzoyl)phenoxy]-2-methylpropanoate,C20H21ClO4,360.11284,CC(C)OC(=O)C(C)(C)OC1=CC=C(C=C1)C(=O)C2=CC=C(C=C2)Cl,YMTINGFKWWXKFG-UHFFFAOYSA-N
clofibric acid;2-(4-chlorophenoxy)-2-methylpropanoic acid,C10H11ClO3,214.03967,CC(C)(C(=O)O)OC1=CC=C(C=C1)Cl,TXCGAZHTZHNUAI-UHFFFAOYSA-N
"atorvastatin;(3R,5R)-7-[2-(4-fluorophenyl)-3-phenyl-4-(phenylcarbamoyl)-5-propan-2-ylpyrrol-1-yl]-3,5-dihydroxyheptanoic acid",C33H35FN2O5,558.25300,CC(C)C1=C(C(=C(N1CC[C@H](C[C@H](CC(=O)O)O)O)C2=CC=C(C=C2)F)C3=CC=CC=C3)C(=O)NC4=CC=CC=C4,XUKUURHRXDUEBC-KAYWLYCHSA-N
"simvastatin;[(1S,3R,7S,8S,8aR)-8-[2-[(2R,4R)-4-hydroxy-6-oxooxan-2-yl]ethyl]-3,7-dimethyl-1,2,3,7,8,8a-hexahydronaphthalen-1-yl] 2,2-dimethylbutanoate",C25H38O5,418.27192,CCC(C)(C)C(=O)O[C@H]1C[C@H](C=C2[C@H]1[C@H]([C@H](C=C2)C)CC[C@@H]3C[C@H](CC(=O)O3)O)C,RYMZZMVNJRMUDD-HGQWONQESA-N
"pravastatin;(3R,5R)-7-[(1S,2S,6S,8S,8aR)-6-hydroxy-2-methyl-8-[(2S)-2-methylbutanoyl]oxy-1,2,6,7,8,8a-hexahydronaphthalen-1-yl]-3,5-dihydroxyheptanoic acid",C23H36O7,424.24610,CC[C@H](C)C(=O)O[C@H]1C[C@@H](C=C2[C@H]1[C@H]([C@H](C=C2)C)CC[C@H](C[C@H](CC(=O)O)O)O)O,TUZYXOIXSAXUGO-PZAWKZKUSA-N
"rosuvastatin;(E,3R,5S)-7-[4-(4-fluorophenyl)-2-[methyl(methylsulfonyl)amino]-6-propan-2-ylpyrimidin-5-yl]-3,5-dihydroxyhept-6-enoic acid",C22H28FN3O6S,481.16828,CC(C)C1=NC(=NC(=C1/C=C/[C@H](C[C@H](CC(=O)O)O)O)C2=CC=C(C=C2)F)N(C)S(=O)(=O)C,BPRHUIZQVSMCRT-VEUZHWNKSA-N
"lovastatin;[(1S,3R,7S,8S,8aR)-8-[2-[(2R,4R)-4-hydroxy-6-oxooxan-2-yl]ethyl]-3,7-dimethyl-1,2,3,7,8,8a-hexahydronaphthalen-1-yl] (2S)-2-methylbutanoate",C24H36O5,404.25627,CC[C@H](C)C(=O)O[C@H]1C[C@H](C=C2[C@H]1[C@H]([C@H](C=C2)C)CC[C@@H]3C[C@H](CC(=O)O3)O)C,PCZOHLXUXFIOCF-BXMDZJJMSA-N
"fluvastatin;(E,3S,5R)-7-[3-(4-fluorophenyl)-1-propan-2-ylindol-2-yl]-3,5-dihydroxyhept-6-enoic acid",C24H26FNO4,411.18459,CC(C)N1C2=CC=CC=C2C(=C1/C=C/[C@@H](C[C@@H](CC(=O)O)O)O)C3=CC=C(C=C3)F,FJLGEFLZQAZZCD-JUFISIKESA-N
warfarin;4-hydroxy-3-(3-oxo-1-phenylbutyl)chromen-2-one,C19H16O4,308.10486,CC(=O)CC(C1=CC=CC=C1)C2=C(C3=CC=CC=C3OC2=O)O,PJVWKTKQMONHTI-UHFFFAOYSA-N
"clopidogrel;methyl (2S)-2-(2-chlorophenyl)-2-(6,7-dihydro-4H-thieno[3,2-c]pyridin-5-yl)acetate",C16H16ClNO2S,321.05903,COC(=O)[C@H](C1=CC=CC=C1Cl)N2CCC3=C(C2)C=CS3,GKTWGGQPFAXNFI-HNNXBMFYSA-N
"digoxin;3-[(3S,5R,8R,9S,10S,12R,13S,14S,17R)-3-[(2R,4S,5S,6R)-5-[(2S,4S,5S,6R)-5-[(2S,4S,5S,6R)-4,5-dihydroxy-6-methyloxan-2-yl]oxy-4-hydroxy-6-methyloxan-2-yl]oxy-4-hydroxy-6-methyloxan-2-yl]oxy-12,14-dihydroxy-10,13-dimethyl-1,2,3,4,5,6,7,8,9,11,12,15,16,17-tetradecahydrocyclopenta[a]phenanthren-17-yl]-2H-furan-5-one",C41H64O14,780.42961,C[C@@H]1[C@H]([C@H](C[C@@H](O1)O[C@@H]2[C@H](O[C@H](C[C@@H]2O)O[C@@H]3[C@H](O[C@H](C[C@@H]3O)O[C@H]4CC[C@]5([C@@H](C4)CC[C@@H]6[C@@H]5C[C@H]([C@]7([C@@]6(CC[C@@H]7C8=CC(=O)OC8)O)C)O)C)C)C)O)O,LTMHDMANZUZIPE-PUGKRICDSA-N
"amiodarone;(2-butyl-1-benzofuran-3-yl)-[4-[2-(diethylamino)ethoxy]-3,5-diiodophenyl]methanone",C25H29I2NO3,645.02369,CCCCC1=C(C2=CC=CC=C2O1)C(=O)C3=CC(=C(C(=C3)I)OCCN(CC)CC)I,IYIKLHRQXLHMJQ-UHFFFAOYSA-N
"metformin;3-(diaminomethylidene)-1,1-dimethylguanidine",C4H11N5,129.10145,CN(C)C(=N)N=C(N)N,XZWYZXLIPXDOLR-UHFFFAOYSA-N
glibenclamide;glyburide;5-chloro-N-[2-[4-(cyclohexylcarbamoylsulfamoyl)phenyl]ethyl]-2-methoxybenzamide,C23H28ClN3O5S,493.14382,COC1=C(C=C(C=C1)Cl)C(=O)NCCC2=CC=C(C=C2)S(=O)(=O)NC(=O)NC3CCCCC3,ZNNLBTZKUZBEKO-UHFFFAOYSA-N
"gliclazide;1-(3,3a,4,5,6,6a-hexahydro-1H-cyclopenta[c]pyrrol-2-yl)-3-(4-methylphenyl)sulfonylurea",C15H21N3O3S,323.13036,CC1=CC=C(C=C1)S(=O)(=O)NC(=O)NN2CC3CCCC3C2,BOVGTQGAOIONJV-UHFFFAOYSA-N
"sitagliptin;(3R)-3-amino-1-[3-(trifluoromethyl)-6,8-dihydro-5H-[1,2,4]triazolo[4,3-a]pyrazin-7-yl]-4-(2,4,5-trifluorophenyl)butan-1-one",C16H15F6N5O,407.11808,C1CN2C(=NN=C2C(F)(F)F)CN1C(=O)C[C@@H](CC3=CC(=C(C=C3F)F)F)N,MFFMDFFZMYYVKS-SECBINFHSA-N
"pioglitazone;5-[[4-[2-(5-ethyl-2-pyridinyl)ethoxy]phenyl]methyl]-1,3-thiazolidine-2,4-dione",C19H20N2O3S,356.11946,CCC1=CN=C(C=C1)CCOC2=CC=C(C=C2)CC3C(=O)NC(=O)S3,HYAFETHFCAUJAY-UHFFFAOYSA-N
"levothyroxine;thyroxine;(2S)-2-amino-3-[4-(4-hydroxy-3,5-diiodophenoxy)-3,5-diiodophenyl]propanoic acid",C15H11I4NO4,776.68670,C1=C(C=C(C(=C1I)OC2=CC(=C(C(=C2)I)O)I)I)C[C@@H](C(=O)O)N,XUIIKFGFIJCVMT-LBPRGKRZSA-N
"omeprazole;6-methoxy-2-[(4-methoxy-3,5-dimethyl-2-pyridinyl)methylsulfinyl]-1H-benzimidazole",C17H19N3O3S,345.11471,CC1=CN=C(C(=C1OC)C)CS(=O)C2=NC3=C(N2)C=C(C=C3)OC,SUBDBMMJDZJVOS-UHFFFAOYSA-N
"lansoprazole;2-[[3-methyl-4-(2,2,2-trifluoroethoxy)-2-pyridinyl]methylsulfinyl]-1H-benzimidazole",C16H14F3N3O2S,369.07588,CC1=C(C=CN=C1CS(=O)C2=NC3=CC=CC=C3N2)OCC(F)(F)F,MJIHNNLFOKEZEW-UHFFFAOYSA-N
"pantoprazole;6-(difluoromethoxy)-2-[(3,4-dimethoxy-2-pyridinyl)methylsulfinyl]-1H-benzimidazole",C16H15F2N3O4S,383.07513,COC1=C(C(=NC=C1)CS(=O)C2=NC3=C(N2)C=C(C=C3)OC(F)F)OC,IQPSEEYGBUAQFF-UHFFFAOYSA-N
"ranitidine;(E)-1-N'-[2-[[5-[(dimethylamino)methyl]furan-2-yl]methylsulfanyl]ethyl]-1-N-methyl-2-nitroethene-1,1-diamine",C13H22N4O3S,314.14126,CN/C(=C\[N+](=O)[O-])/NCCSCC1=CC=C(O1)CN(C)C,VMXUWOKSQNHOCA-UKTHLTGXSA-N
"famotidine;3-[[2-(diaminomethylideneamino)-1,3-thiazol-4-yl]methylsulfanyl]-N'-sulfamoylpropanimidamide",C8H15N7O2S3,337.04494,C1=C(N=C(S1)N=C(N)N)CSCC/C(=N/S(=O)(=O)N)/N,XUFQPHANEAPEMJ-UHFFFAOYSA-N
cimetidine;1-cyano-2-methyl-3-[2-[(5-methyl-1H-imidazol-4-yl)methylsulfanyl]ethyl]guanidine,C10H16N6S,252.11572,CC1=C(N=CN1)CSCCNC(=NC)NC#N,AQIXAKUUQRKLND-UHFFFAOYSA-N
metoclopramide;4-amino-5-chloro-N-[2-(diethylamino)ethyl]-2-methoxybenzamide,C14H22ClN3O2,299.14005,CCN(CC)CCNC(=O)C1=CC(=C(C=C1OC)N)Cl,TTWJBBZEZQICBI-UHFFFAOYSA-N
domperidone;6-chloro-3-[1-[3-(2-oxo-3H-benzimidazol-1-yl)propyl]piperidin-4-yl]-1H-benzimidazol-2-one,C22H24ClN5O2,425.16185,C1CN(CCC1N2C3=C(C=C(C=C3)Cl)NC2=O)CCCN4C5=CC=CC=C5NC4=O,FGXWKSZFVQUSTL-UHFFFAOYSA-N
"ondansetron;9-methyl-3-[(2-methylimidazol-1-yl)methyl]-2,3-dihydro-1H-carbazol-4-one",C18H19N3O,293.15281,CC1=NC=CN1CC2CCC3=C(C2=O)C4=CC=CC=C4N3C,FELGMEQIXOGIFQ-UHFFFAOYSA-N
"loperamide;4-[4-(4-chlorophenyl)-4-hydroxypiperidin-1-yl]-N,N-dimethyl-2,2-diphenylbutanamide",C29H33ClN2O2,476.22306,CN(C)C(=O)C(CCN1CCC(CC1)(C2=CC=C(C=C2)Cl)O)(C3=CC=CC=C3)C4=CC=CC=C4,RDOIQAHITMMDAJ-UHFFFAOYSA-N
"loratadine;ethyl 4-(13-chloro-4-azatricyclo[9.4.0.03,8]pentadeca-1(11),3(8),4,6,12,14-hexaen-2-ylidene)piperidine-1-carboxylate",C22H23ClN2O2,382.14481,CCOC(=O)N1CCC(=C2C3=C(CCC4=C2N=CC=C4)C=C(C=C3)Cl)CC1,JCCNYMKQOSZNPW-UHFFFAOYSA-N
cetirizine;2-[2-[4-[(4-chlorophenyl)-phenylmethyl]piperazin-1-yl]ethoxy]acetic acid,C21H25ClN2O3,388.15537,C1CN(CCN1CCOCC(=O)O)C(C2=CC=CC=C2)C3=CC=C(C=C3)Cl,ZKLPARSLTMPFCP-UHFFFAOYSA-N
fexofenadine;2-[4-[1-hydroxy-4-[4-[hydroxy(diphenyl)methyl]piperidin-1-yl]butyl]phenyl]-2-methylpropanoic acid,C32H39NO4,501.28791,CC(C)(C1=CC=C(C=C1)C(CCCN2CCC(CC2)C(C3=CC=CC=C3)(C4=CC=CC=C4)O)O)C(=O)O,RWTNPBWLLIMQHL-UHFFFAOYSA-N
"diphenhydramine;2-benzhydryloxy-N,N-dimethylethanamine",C17H21NO,255.16231,CN(C)CCOC(C1=CC=CC=C1)C2=CC=CC=C2,ZZVUWRFHKOJYTH-UHFFFAOYSA-N
"chlorpheniramine;3-(4-chlorophenyl)-N,N-dimethyl-3-pyridin-2-ylpropan-1-amine",C16H19ClN2,274.12368,CN(C)CCC(C1=CC=C(C=C1)Cl)C2=CC=CC=N2,SOYKEARSMXGVTM-UHFFFAOYSA-N
montelukast;2-[1-[[(1R)-1-[3-[(E)-2-(7-chloroquinolin-2-yl)ethenyl]phenyl]-3-[2-(2-hydroxypropan-2-yl)phenyl]propyl]sulfanylmethyl]cyclopropyl]acetic acid,C35H36ClNO3S,585.21044,CC(C)(C1=CC=CC=C1CC[C@H](C2=CC=CC(=C2)/C=C/C3=NC4=C(C=CC(=C4)Cl)C=C3)SCC5(CC5)CC(=O)O)O,UCHDWCPVSPXUMX-TZIWLTJVSA-N
salbutamol;albuterol;4-[2-(tert-butylamino)-1-hydroxyethyl]-2-(hydroxymethyl)phenol,C13H21NO3,239.15214,CC(C)(C)NCC(C1=CC(=C(C=C1)O)CO)O,NDAUXUAQIAJITI-UHFFFAOYSA-N
"terbutaline;5-[2-(tert-butylamino)-1-hydroxyethyl]benzene-1,3-diol",C12H19NO3,225.13649,CC(C)(C)NCC(C1=CC(=CC(=C1)O)O)O,XWTYSIMOBUGWOL-UHFFFAOYSA-N
"theobromine;3,7-dimethylpurine-2,6-dione",C7H8N4O2,180.06473,CN1C=NC2=C1C(=O)NC(=O)N2C,YAPQBXQYLJRXSA-UHFFFAOYSA-N
"prednisone;(8S,9S,10R,13S,14S,17R)-17-hydroxy-17-(2-hydroxyacetyl)-10,13-dimethyl-6,7,8,9,12,14,15,16-octahydrocyclopenta[a]phenanthrene-3,11-dione",C21H26O5,358.17802,C[C@]12CC(=O)[C@H]3[C@H]([C@@H]1CC[C@@]2(C(=O)CO)O)CCC4=CC(=O)C=C[C@]34C,XOFYZVNMUHMLCC-ZPOLXVRWSA-N
"prednisolone;(8S,9S,10R,11S,13S,14S,17R)-11,17-dihydroxy-17-(2-hydroxyacetyl)-10,13-dimethyl-7,8,9,11,12,14,15,16-octahydro-6H-cyclopenta[a]phenanthren-3-one",C21H28O5,360.19367,C[C@]12C[C@@H]([C@H]3[C@H]([C@@H]1CC[C@@]2(C(=O)CO)O)CCC4=CC(=O)C=C[C@]34C)O,OIGNJSKKLXVSLS-VWUMJDOOSA-N
"dexamethasone;(8S,9R,10S,11S,13S,14S,16R,17R)-9-fluoro-11,17-dihydroxy-17-(2-hydroxyacetyl)-10,13,16-trimethyl-6,7,8,11,12,14,15,16-octahydrocyclopenta[a]phenanthren-3-one",C22H29FO5,392.19990,C[C@@H]1C[C@H]2[C@@H]3CCC4=CC(=O)C=C[C@@]4([C@]3([C@H](C[C@@]2([C@]1(C(=O)CO)O)C)O)F)C,UREBDLICKHMUKA-CXSFZGCWSA-N
"hydrocortisone;(8S,9S,10R,11S,13S,14S,17R)-11,17-dihydroxy-17-(2-hydroxyacetyl)-10,13-dimethyl-2,6,7,8,9,11,12,14,15,16-decahydro-1H-cyclopenta[a]phenanthren-3-one",C21H30O5,362.20932,C[C@]12CCC(=O)C=C1CC[C@@H]3[C@@H]2[C@H](C[C@]4([C@H]3CC[C@@]4(C(=O)CO)O)C)O,JYGXADMDTFJGBT-VWUMJDOOSA-N
"cortisone;(8S,9S,10R,13S,14S,17R)-17-hydroxy-17-(2-hydroxyacetyl)-10,13-dimethyl-1,2,6,7,8,9,12,14,15,16-decahydrocyclopenta[a]phenanthrene-3,11-dione",C21H28O5,360.19367,C[C@]12CCC(=O)C=C1CC[C@@H]3[C@@H]2C(=O)C[C@]4([C@H]3CC[C@@]4(C(=O)CO)O)C,MFYSYFVPBJMHGN-ZPOLXVRWSA-N
"triamcinolone;(8S,9R,10S,11S,13S,14S,16R,17S)-9-fluoro-11,16,17-trihydroxy-17-(2-hydroxyacetyl)-10,13-dimethyl-6,7,8,11,12,14,15,16-octahydrocyclopenta[a]phenanthren-3-one",C21H27FO6,394.17917,C[C@]12C[C@@H]([C@]3([C@H]([C@@H]1C[C@H]([C@@]2(C(=O)CO)O)O)CCC4=CC(=O)C=C[C@@]43C)F)O,GFNANZIMVAIWHM-OBYCQNJPSA-N
"budesonide;(1S,2S,4R,8S,9S,11S,12S,13R)-11-hydroxy-8-(2-hydroxyacetyl)-9,13-dimethyl-6-propyl-5,7-dioxapentacyclo[10.8.0.02,9.04,8.013,18]icosa-14,17-dien-16-one",C25H34O6,430.23554,CCCC1O[C@@H]2C[C@H]3[C@@H]4CCC5=CC(=O)C=C[C@@]5([C@H]4[C@H](C[C@@]3([C@@]2(O1)C(=O)CO)C)O)C,VOVIALXJUBGFJZ-KWVAZRHASA-N
"fluticasone;S-(fluoromethyl) (6S,8S,9R,10S,11S,13S,14S,16R,17R)-6,9-difluoro-11,17-dihydroxy-10,13,16-trimethyl-3-oxo-6,7,8,11,12,14,15,16-octahydrocyclopenta[a]phenanthrene-17-carbothioate",C22H27F3O4S,444.15821,C[C@@H]1C[C@H]2[C@@H]3C[C@@H](C4=CC(=O)C=C[C@@]4([C@]3([C@H](C[C@@]2([C@]1(C(=O)SCF)O)C)O)F)C)F,MGNNYOODZCAHBA-GQKYHHCASA-N
"sildenafil;5-[2-ethoxy-5-(4-methylpiperazin-1-yl)sulfonylphenyl]-1-methyl-3-propyl-6H-pyrazolo[4,5-d]pyrimidin-7-one",C22H30N6O4S,474.20492,CCCC1=NN(C2=C1N=C(NC2=O)C3=C(C=CC(=C3)S(=O)(=O)N4CCN(CC4)C)OCC)C,BNRNXUUZRGQAQC-UHFFFAOYSA-N
"tadalafil;(2R,8R)-2-(1,3-benzodioxol-5-yl)-6-methyl-3,6,17-triazatetracyclo[8.7.0.03,8.011,16]heptadeca-1(10),11,13,15-tetraene-4,7-dione",C22H19N3O4,389.13756,CN1CC(=O)N2[C@@H](C1=O)CC3=C([C@H]2C4=CC5=C(C=C4)OCO5)NC6=CC=CC=C36,WOXKDUGGOYFFRN-IIBYNOLFSA-N
"allopurinol;1,5-dihydropyrazolo[5,4-d]pyrimidin-4-one",C5H4N4O,136.03851,C1=NNC2=C1C(=O)NC=N2,OFCNXPDARWKPPY-UHFFFAOYSA-N
"colchicine;N-[(7S)-1,2,3,10-tetramethoxy-9-oxo-6,7-dihydro-5H-benzo[a]heptalen-7-yl]acetamide",C22H25NO6,399.16819,CC(=O)N[C@H]1CCC2=CC(=C(C(=C2C3=CC=C(C(=O)C=C13)OC)OC)OC)OC,IAKHMKGGTNLKSZ-INIZCTEOSA-N
"lidocaine;2-(diethylamino)-N-(2,6-dimethylphenyl)acetamide",C14H22N2O,234.17321,CCN(CC)CC(=O)NC1=C(C=CC=C1C)C,NNJVILVZKWQKPM-UHFFFAOYSA-N
"bupivacaine;Levobupivacaine;(2S)-1-butyl-N-(2,6-dimethylphenyl)piperidine-2-carboxamide",C18H28N2O,288.22016,CCCCN1CCCC[C@H]1C(=O)NC2=C(C=CC=C2C)C,LEBVLXFERQHONN-INIZCTEOSA-N
procaine;2-(diethylamino)ethyl 4-aminobenzoate,C13H20N2O2,236.15248,CCN(CC)CCOC(=O)C1=CC=C(C=C1)N,MFDFERRIHVXMIY-UHFFFAOYSA-N
benzocaine;ethyl 4-aminobenzoate,C9H11NO2,165.07898,CCOC(=O)C1=CC=C(C=C1)N,BLFLLBZGZJTVJG-UHFFFAOYSA-N
ketamine;2-(2-chlorophenyl)-2-(methylamino)cyclohexan-1-one,C13H16ClNO,237.09204,CNC1(CCCCC1=O)C2=CC=CC=C2Cl,YQEZLKZALYSWHR-UHFFFAOYSA-N
"propofol;2,6-di(propan-2-yl)phenol",C12H18O,178.13577,CC(C)C1=C(C(=CC=C1)C(C)C)O,OLBCVFGFOZPWHH-UHFFFAOYSA-N
"dextromethorphan;(1S,9S,10S)-4-methoxy-17-methyl-17-azatetracyclo[7.5.3.01,10.02,7]heptadeca-2(7),3,5-triene",C18H25NO,271.19361,CN1CC[C@@]23CCCC[C@@H]2[C@@H]1CC4=C3C=C(C=C4)OC,MKXZASYAUGDDCJ-NJAFHUGGSA-N
"ephedrine;(1R,2S)-2-(methylamino)-1-phenylpropan-1-ol",C10H15NO,165.11536,C[C@@H]([C@@H](C1=CC=CC=C1)O)NC,KWGRBVOPPLSCSI-WPRPVWTQSA-N
amphetamine;1-phenylpropan-2-amine,C9H13N,135.10480,CC(CC1=CC=CC=C1)N,KWTSXDURSIMDCE-UHFFFAOYSA-N
methamphetamine;(2S)-N-methyl-1-phenylpropan-2-amine,C10H15N,149.12045,C[C@@H](CC1=CC=CC=C1)NC,MYWUZJCMWCOHBA-VIFPVBQESA-N
"cocaine;methyl (1R,2R,3S,5S)-3-benzoyloxy-8-methyl-8-azabicyclo[3.2.1]octane-2-carboxylate",C17H21NO4,303.14706,CN1[C@H]2CC[C@@H]1[C@H]([C@H](C2)OC(=O)C3=CC=CC=C3)C(=O)OC,ZPUCINDJVBIVPJ-LJISPDSOSA-N
"benzoylecgonine;(1R,2R,3S,5S)-3-benzoyloxy-8-methyl-8-azabicyclo[3.2.1]octane-2-carboxylic acid",C16H19NO4,289.13141,CN1[C@H]2CC[C@@H]1[C@H]([C@H](C2)OC(=O)C3=CC=CC=C3)C(=O)O,GVGYEFKIHJTNQZ-RFQIPJPRSA-N
"MDMA;1-(1,3-benzodioxol-5-yl)-N-methylpropan-2-amine",C11H15NO2,193.11028,CC(CC1=CC2=C(C=C1)OCO2)NC,SHXWCVYOXRDMCX-UHFFFAOYSA-N
"tamoxifen;2-[4-[(Z)-1,2-diphenylbut-1-enyl]phenoxy]-N,N-dimethylethanamine",C26H29NO,371.22491,CC/C(=C(\C1=CC=CC=C1)/C2=CC=C(C=C2)OCCN(C)C)/C3=CC=CC=C3,NKANXQFJJICGDU-QPLCGJKRSA-N
"anastrozole;2-[3-(2-cyanopropan-2-yl)-5-(1,2,4-triazol-1-ylmethyl)phenyl]-2-methylpropanenitrile",C17H19N5,293.16405,CC(C)(C#N)C1=CC(=CC(=C1)CN2C=NC=N2)C(C)(C)C#N,YBBLVLTVTVSKRW-UHFFFAOYSA-N
"letrozole;4-[(4-cyanophenyl)-(1,2,4-triazol-1-yl)methyl]benzonitrile",C17H11N5,285.10145,C1=CC(=CC=C1C#N)C(C2=CC=C(C=C2)C#N)N3C=NC=N3,HPJKCIUCZWXJDR-UHFFFAOYSA-N
"methotrexate;(2S)-2-[[4-[(2,4-diaminopteridin-6-yl)methyl-methylamino]benzoyl]amino]pentanedioic acid",C20H22N8O5,454.17132,CN(CC1=CN=C2C(=N1)C(=NC(=N2)N)N)C3=CC=C(C=C3)C(=O)N[C@@H](CCC(=O)O)C(=O)O,FBOZXECLQNJBKD-ZDUSSCGKSA-N
"cyclophosphamide;N,N-bis(2-chloroethyl)-2-oxo-1,3,2lambda5-oxazaphosphinan-2-amine",C7H15Cl2N2O2P,260.02482,C1CNP(=O)(OC1)N(CCCl)CCCl,CMSMOCZEIVJLDB-UHFFFAOYSA-N
"ifosfamide;N,3-bis(2-chloroethyl)-2-oxo-1,3,2lambda5-oxazaphosphinan-2-amine",C7H15Cl2N2O2P,260.02482,C1CN(P(=O)(OC1)NCCCl)CCCl,HOMGKSMUEGBAAB-UHFFFAOYSA-N
"capecitabine;pentyl N-[1-[(2R,3R,4S,5R)-3,4-dihydroxy-5-methyloxolan-2-yl]-5-fluoro-2-oxopyrimidin-4-yl]carbamate",C15H22FN3O6,359.14926,CCCCCOC(=O)NC1=NC(=O)N(C=C1F)[C@H]2[C@@H]([C@@H]([C@H](O2)C)O)O,GAGWJHPBXLXJQN-UORFTKCHSA-N
"fluorouracil;5-Fluorouracil;5-fluoro-1H-pyrimidine-2,4-dione",C4H3FN2O2,130.01786,C1=C(C(=O)NC(=O)N1)F,GHASVSINZRGABV-UHFFFAOYSA-N
"gemcitabine;4-amino-1-[(2R,4R,5R)-3,3-difluoro-4-hydroxy-5-(hydroxymethyl)oxolan-2-yl]pyrimidin-2-one",C9H11F2N3O4,263.07176,C1=CN(C(=O)N=C1N)[C@H]2C([C@@H]([C@H](O2)CO)O)(F)F,SDUQYLNIPVEERB-QPPQHZFASA-N
imatinib;4-[(4-methylpiperazin-1-yl)methyl]-N-[4-methyl-3-[(4-pyridin-3-ylpyrimidin-2-yl)amino]phenyl]benzamide,C29H31N7O,493.25901,CC1=C(C=C(C=C1)NC(=O)C2=CC=C(C=C2)CN3CCN(CC3)C)NC4=NC=CC(=N4)C5=CN=CC=C5,KTUFNOKKBVMGRW-UHFFFAOYSA-N
"trimethoprim;5-[(3,4,5-trimethoxyphenyl)methyl]pyrimidine-2,4-diamine",C14H18N4O3,290.13789,COC1=CC(=CC(=C1OC)OC)CC2=CN=C(N=C2N)N,IEDVJHCEMCRBQM-UHFFFAOYSA-N
"sulfamethoxazole;4-amino-N-(5-methyl-1,2-oxazol-3-yl)benzenesulfonamide",C10H11N3O3S,253.05211,CC1=CC(=NO1)NS(=O)(=O)C2=CC=C(C=C2)N,JLKIGFTWXXRPMT-UHFFFAOYSA-N
sulfadiazine;4-amino-N-pyrimidin-2-ylbenzenesulfonamide,C10H10N4O2S,250.05245,C1=CN=C(N=C1)NS(=O)(=O)C2=CC=C(C=C2)N,SEEPANYCNGTZFQ-UHFFFAOYSA-N
"sulfamethazine;sulfadimidine;4-amino-N-(4,6-dimethylpyrimidin-2-yl)benzenesulfonamide",C12H14N4O2S,278.08375,CC1=CC(=NC(=N1)NS(=O)(=O)C2=CC=C(C=C2)N)C,ASWVTGNCAZCNNR-UHFFFAOYSA-N
"sulfadimethoxine;4-amino-N-(2,6-dimethoxypyrimidin-4-yl)benzenesulfonamide",C12H14N4O4S,310.07358,COC1=NC(=NC(=C1)NS(=O)(=O)C2=CC=C(C=C2)N)OC,ZZORFUFYDOWNEF-UHFFFAOYSA-N
sulfapyridine;4-amino-N-pyridin-2-ylbenzenesulfonamide,C11H11N3O2S,249.05720,C1=CC=NC(=C1)NS(=O)(=O)C2=CC=C(C=C2)N,GECHUMIMRBOMGK-UHFFFAOYSA-N
"sulfathiazole;4-amino-N-(1,3-thiazol-2-yl)benzenesulfonamide",C9H9N3O2S2,255.01362,C1=CC(=CC=C1N)S(=O)(=O)NC2=NC=CS2,JNMRHUJNCSQMMB-UHFFFAOYSA-N
sulfamerazine;4-amino-N-(4-methylpyrimidin-2-yl)benzenesulfonamide,C11H12N4O2S,264.06810,CC1=NC(=NC=C1)NS(=O)(=O)C2=CC=C(C=C2)N,QPPBRPIAZZHUNT-UHFFFAOYSA-N
sulfanilamide;4-aminobenzenesulfonamide,C6H8N2O2S,172.03065,C1=CC(=CC=C1N)S(=O)(=O)N,FDDDEECHVMSUSB-UHFFFAOYSA-N
"sulfisoxazole;4-amino-N-(3,4-dimethyl-1,2-oxazol-5-yl)benzenesulfonamide",C11H13N3O3S,267.06776,CC1=C(ON=C1C)NS(=O)(=O)C2=CC=C(C=C2)N,NHUHCSRWZMLRLA-UHFFFAOYSA-N
"sulfamethizole;4-amino-N-(5-methyl-1,3,4-thiadiazol-2-yl)benzenesulfonamide",C9H10N4O2S2,270.02452,CC1=NN=C(S1)NS(=O)(=O)C2=CC=C(C=C2)N,VACCAVUAMIDAGB-UHFFFAOYSA-N
sulfachloropyridazine;4-amino-N-(6-chloropyridazin-3-yl)benzenesulfonamide,C10H9ClN4O2S,284.01347,C1=CC(=CC=C1N)S(=O)(=O)NC2=NN=C(C=C2)Cl,XOXHILFPRYWFOD-UHFFFAOYSA-N
"amoxicillin;(2S,5R,6R)-6-[[(2R)-2-amino-2-(4-hydroxyphenyl)acetyl]amino]-3,3-dimethyl-7-oxo-4-thia-1-azabicyclo[3.2.0]heptane-2-carboxylic acid",C16H19N3O5S,365.10454,CC1([C@@H](N2[C@H](S1)[C@@H](C2=O)NC(=O)[C@@H](C3=CC=C(C=C3)O)N)C(=O)O)C,LSQZJLSUYDQPKJ-NJBDSQKTSA-N
"ampicillin;(2S,5R,6R)-6-[[(2R)-2-amino-2-phenylacetyl]amino]-3,3-dimethyl-7-oxo-4-thia-1-azabicyclo[3.2.0]heptane-2-carboxylic acid",C16H19N3O4S,349.10963,CC1([C@@H](N2[C@H](S1)[C@@H](C2=O)NC(=O)[C@@H](C3=CC=CC=C3)N)C(=O)O)C,AVKUERGKIZMTKX-NJBDSQKTSA-N
"penicillin G;(2S,5R,6R)-3,3-dimethyl-7-oxo-6-[(2-phenylacetyl)amino]-4-thia-1-azabicyclo[3.2.0]heptane-2-carboxylic acid",C16H18N2O4S,334.09873,CC1([C@@H](N2[C@H](S1)[C@@H](C2=O)NC(=O)CC3=CC=CC=C3)C(=O)O)C,JGSARLDLIJGVTE-MBNYWOFBSA-N
"penicillin V;(2S,5R,6R)-3,3-dimethyl-7-oxo-6-[(2-phenoxyacetyl)amino]-4-thia-1-azabicyclo[3.2.0]heptane-2-carboxylic acid",C16H18N2O5S,350.09364,CC1([C@@H](N2[C@H](S1)[C@@H](C2=O)NC(=O)COC3=CC=CC=C3)C(=O)O)C,BPLBGHOLXOTWMN-MBNYWOFBSA-N
"cloxacillin;(2S,5R,6R)-6-[[3-(2-chlorophenyl)-5-methyl-1,2-oxazole-4-carbonyl]amino]-3,3-dimethyl-7-oxo-4-thia-1-azabicyclo[3.2.0]heptane-2-carboxylic acid",C19H18ClN3O5S,435.06557,CC1=C(C(=NO1)C2=CC=CC=C2Cl)C(=O)N[C@H]3[C@@H]4N(C3=O)[C@H](C(S4)(C)C)C(=O)O,LQOLIRLGBULYKD-JKIFEVAISA-N
"oxacillin;(2S,5R,6R)-3,3-dimethyl-6-[(5-methyl-3-phenyl-1,2-oxazole-4-carbonyl)amino]-7-oxo-4-thia-1-azabicyclo[3.2.0]heptane-2-carboxylic acid",C19H19N3O5S,401.10454,CC1=C(C(=NO1)C2=CC=CC=C2)C(=O)N[C@H]3[C@@H]4N(C3=O)[C@H](C(S4)(C)C)C(=O)O,UWYHMGVUTGAWSP-JKIFEVAISA-N
"cefalexin;cephalexin;(6R,7R)-7-[[(2R)-2-amino-2-phenylacetyl]amino]-3-methyl-8-oxo-5-thia-1-azabicyclo[4.2.0]oct-2-ene-2-carboxylic acid",C16H17N3O4S,347.09398,CC1=C(N2[C@@H]([C@@H](C2=O)NC(=O)[C@@H](C3=CC=CC=C3)N)SC1)C(=O)O,ZAIPMKNFIOOWCQ-UEKVPHQBSA-N
"cefazolin;(6R,7R)-3-[(5-methyl-1,3,4-thiadiazol-2-yl)sulfanylmethyl]-8-oxo-7-[[2-(tetrazol-1-yl)acetyl]amino]-5-thia-1-azabicyclo[4.2.0]oct-2-ene-2-carboxylic acid",C14H14N8O4S3,454.03001,CC1=NN=C(S1)SCC2=C(N3[C@@H]([C@@H](C3=O)NC(=O)CN4C=NN=N4)SC2)C(=O)O,MLYYVTUWGNIJIB-BXKDBHETSA-N
"cefuroxime;(6R,7R)-3-(carbamoyloxymethyl)-7-[[(2Z)-2-(furan-2-yl)-2-methoxyiminoacetyl]amino]-8-oxo-5-thia-1-azabicyclo[4.2.0]oct-2-ene-2-carboxylic acid",C16H16N4O8S,424.06888,CO/N=C(/C1=CC=CO1)\C(=O)N[C@H]2[C@@H]3N(C2=O)C(=C(CS3)COC(=O)N)C(=O)O,JFPVXVDWJQMJEE-IZRZKJBUSA-N
"ceftriaxone;(6R,7R)-7-[[(2Z)-2-(2-amino-1,3-thiazol-4-yl)-2-methoxyiminoacetyl]amino]-3-[(2-methyl-5,6-dioxo-1H-1,2,4-triazin-3-yl)sulfanylmethyl]-8-oxo-5-thia-1-azabicyclo[4.2.0]oct-2-ene-2-carboxylic acid",C18H18N8O7S3,554.04606,CN1C(=NC(=O)C(=O)N1)SCC2=C(N3[C@@H]([C@@H](C3=O)NC(=O)/C(=N\OC)/C4=CSC(=N4)N)SC2)C(=O)O,VAAUVRVFOQPIGI-SPQHTLEESA-N
"cefotaxime;(6R,7R)-3-(acetyloxymethyl)-7-[[(2Z)-2-(2-amino-1,3-thiazol-4-yl)-2-methoxyiminoacetyl]amino]-8-oxo-5-thia-1-azabicyclo[4.2.0]oct-2-ene-2-carboxylic acid",C16H17N5O7S2,455.05694,CC(=O)OCC1=C(N2[C@@H]([C@@H](C2=O)NC(=O)/C(=N\OC)/C3=CSC(=N3)N)SC1)C(=O)O,GPRBEKHLDVQUJE-QSWIMTSFSA-N
"tetracycline;(4S,4aS,5aS,6S,12aR)-4-(dimethylamino)-1,6,10,11,12a-pentahydroxy-6-methyl-3,12-dioxo-4,4a,5,5a-tetrahydrotetracene-2-carboxamide",C22H24N2O8,444.15327,C[C@@]1([C@H]2C[C@H]3[C@@H](C(=O)C(=C([C@]3(C(=O)C2=C(C4=C1C=CC=C4O)O)O)O)C(=O)N)N(C)C)O,NWXMGUDVXFXRIG-WESIUVDSSA-N
"oxytetracycline;Terramycin;(4S,4aR,5S,5aR,6S,12aR)-4-(dimethylamino)-1,5,6,10,11,12a-hexahydroxy-6-methyl-3,12-dioxo-4,4a,5,5a-tetrahydrotetracene-2-carboxamide",C22H24N2O9,460.14818,C[C@@]1([C@H]2[C@@H]([C@H]3[C@@H](C(=O)C(=C([C@]3(C(=O)C2=C(C4=C1C=CC=C4O)O)O)O)C(=O)N)N(C)C)O)O,OWFJMIVZYSDULZ-PXOLEDIWSA-N
"chlortetracycline;(4S,4aS,5aS,6S,12aR)-7-chloro-4-(dimethylamino)-1,6,10,11,12a-pentahydroxy-6-methyl-3,12-dioxo-4,4a,5,5a-tetrahydrotetracene-2-carboxamide",C22H23ClN2O8,478.11429,C[C@@]1([C@H]2C[C@H]3[C@@H](C(=O)C(=C([C@]3(C(=O)C2=C(C4=C(C=CC(=C41)Cl)O)O)O)O)C(=O)N)N(C)C)O,DHPRQBPJLMKORJ-XRNKAMNCSA-N
"minocycline;(4S,4aS,5aR,12aR)-4,7-bis(dimethylamino)-1,10,11,12a-tetrahydroxy-3,12-dioxo-4a,5,5a,6-tetrahydro-4H-tetracene-2-carboxamide",C23H27N3O7,457.18490,CN(C)[C@H]1[C@@H]2C[C@@H]3CC4=C(C=CC(=C4C(=C3C(=O)[C@@]2(C(=C(C1=O)C(=O)N)O)O)O)O)N(C)C,FFTVPQUHLQBXQZ-KVUCHLLUSA-N
"erythromycin;(3R,4S,5S,6R,7R,9R,11R,12R,13S,14R)-6-[(2S,3R,4S,6R)-4-(dimethylamino)-3-hydroxy-6-methyloxan-2-yl]oxy-14-ethyl-7,12,13-trihydroxy-4-[(2R,4R,5S,6S)-5-hydroxy-4-methoxy-4,6-dimethyloxan-2-yl]oxy-3,5,7,9,11,13-hexamethyl-oxacyclotetradecane-2,10-dione",C37H67NO13,733.46124,CC[C@@H]1[C@@]([C@@H]([C@H](C(=O)[C@@H](C[C@@]([C@@H]([C@H]([C@@H]([C@H](C(=O)O1)C)O[C@H]2C[C@@]([C@H]([C@@H](O2)C)O)(C)OC)C)O[C@H]3[C@@H]([C@H](C[C@H](O3)C)N(C)C)O)(C)O)C)C)O)(C)O,ULGZDMOVFRHVEP-RWJQBGPGSA-N
"azithromycin;(2R,3S,4R,5R,8R,10R,11R,12S,13S,14R)-11-[(2S,3R,4S,6R)-4-(dimethylamino)-3-hydroxy-6-methyloxan-2-yl]oxy-2-ethyl-3,4,10-trihydroxy-13-[(2R,4R,5S,6S)-5-hydroxy-4-methoxy-4,6-dimethyloxan-2-yl]oxy-3,5,6,8,10,12,14-heptamethyl-1-oxa-6-azacyclopentadecan-15-one",C38H72N2O12,748.50853,CC[C@@H]1[C@@]([C@@H]([C@H](N(C[C@@H](C[C@@]([C@@H]([C@H]([C@@H]([C@H](C(=O)O1)C)O[C@H]2C[C@@]([C@H]([C@@H](O2)C)O)(C)OC)C)O[C@H]3[C@@H]([C@H](C[C@H](O3)C)N(C)C)O)(C)O)C)C)C)O)(C)O,MQTOSJVFKKJCRP-BICOPXKESA-N
"clarithromycin;(3R,4S,5S,6R,7R,9R,11R,12R,13S,14R)-6-[(2S,3R,4S,6R)-4-(dimethylamino)-3-hydroxy-6-methyloxan-2-yl]oxy-14-ethyl-12,13-dihydroxy-4-[(2R,4R,5S,6S)-5-hydroxy-4-methoxy-4,6-dimethyloxan-2-yl]oxy-7-methoxy-3,5,7,9,11,13-hexamethyl-oxacyclotetradecane-2,10-dione",C38H69NO13,747.47689,CC[C@@H]1[C@@]([C@@H]([C@H](C(=O)[C@@H](C[C@@]([C@@H]([C@H]([C@@H]([C@H](C(=O)O1)C)O[C@H]2C[C@@]([C@H]([C@@H](O2)C)O)(C)OC)C)O[C@H]3[C@@H]([C@H](C[C@H](O3)C)N(C)C)O)(C)OC)C)C)O)(C)O,AGOYDEPGAOXOCK-KCBOHYOISA-N
"roxithromycin;(3R,4S,5S,6R,7R,9R,10E,11S,12R,13S,14R)-6-[(2S,3R,4S,6R)-4-(dimethylamino)-3-hydroxy-6-methyloxan-2-yl]oxy-14-ethyl-7,12,13-trihydroxy-4-[(2R,4R,5S,6S)-5-hydroxy-4-methoxy-4,6-dimethyloxan-2-yl]oxy-10-(2-methoxyethoxymethoxyimino)-3,5,7,9,11,13-hexamethyl-oxacyclotetradecan-2-one",C41H76N2O15,836.52457,CC[C@@H]1[C@@]([C@@H]([C@H](/C(=N/OCOCCOC)/[C@@H](C[C@@]([C@@H]([C@H]([C@@H]([C@H](C(=O)O1)C)O[C@H]2C[C@@]([C@H]([C@@H](O2)C)O)(C)OC)C)O[C@H]3[C@@H]([C@H](C[C@H](O3)C)N(C)C)O)(C)O)C)C)O)(C)O,RXZBMPWDPOLZGW-XMRMVWPWSA-N
"clindamycin;(2S,4R)-N-[(1S,2S)-2-chloro-1-[(2R,3R,4S,5R,6R)-3,4,5-trihydroxy-6-methylsulfanyloxan-2-yl]propyl]-1-methyl-4-propylpyrrolidine-2-carboxamide",C18H33ClN2O5S,424.17987,CCC[C@@H]1C[C@H](N(C1)C)C(=O)N[C@@H]([C@@H]2[C@@H]([C@@H]([C@H]([C@H](O2)SC)O)O)O)[C@H](C)Cl,KDLRVYVGXIQJDK-AWPVFWJPSA-N
"lincomycin;(2S,4R)-N-[(1R,2R)-2-hydroxy-1-[(2R,3R,4S,5R,6R)-3,4,5-trihydroxy-6-methylsulfanyloxan-2-yl]propyl]-1-methyl-4-propylpyrrolidine-2-carboxamide",C18H34N2O6S,406.21376,CCC[C@@H]1C[C@H](N(C1)C)C(=O)N[C@@H]([C@@H]2[C@@H]([C@@H]([C@H]([C@H](O2)SC)O)O)O)[C@@H](C)O,OJMMVQQUTAEWLP-KIDUDLJLSA-N
"tylosin;2-[(4R,5S,6S,7R,9R,11E,13E,15R,16R)-6-[(2R,3R,4R,5S,6R)-5-[(2S,4R,5S,6S)-4,5-dihydroxy-4,6-dimethyloxan-2-yl]oxy-4-(dimethylamino)-3-hydroxy-6-methyloxan-2-yl]oxy-16-ethyl-4-hydroxy-15-[[(2R,3R,4R,5R,6R)-5-hydroxy-3,4-dimethoxy-6-methyloxan-2-yl]oxymethyl]-5,9,13-trimethyl-2,10-dioxo-1-oxacyclohexadeca-11,13-dien-7-yl]acetaldehyde",C46H77NO17,915.51915,CC[C@@H]1[C@H](/C=C(/C=C/C(=O)[C@@H](C[C@@H]([C@@H]([C@H]([C@@H](CC(=O)O1)O)C)O[C@H]2[C@@H]([C@H]([C@@H]([C@H](O2)C)O[C@H]3C[C@@]([C@H]([C@@H](O3)C)O)(C)O)N(C)C)O)CC=O)C)\C)CO[C@H]4[C@@H]([C@@H]([C@@H]([C@H](O4)C)O)OC)OC,WBPYTXDJUQJLPQ-VMXQISHHSA-N
ciprofloxacin;1-cyclopropyl-6-fluoro-4-oxo-7-piperazin-1-ylquinoline-3-carboxylic acid,C17H18FN3O3,331.13322,C1CC1N2C=C(C(=O)C3=CC(=C(C=C32)N4CCNCC4)F)C(=O)O,MYSWGUAQZAJSOK-UHFFFAOYSA-N
norfloxacin;1-ethyl-6-fluoro-4-oxo-7-piperazin-1-ylquinoline-3-carboxylic acid,C16H18FN3O3,319.13322,CCN1C=C(C(=O)C2=CC(=C(C=C21)N3CCNCC3)F)C(=O)O,OGJPXUAPXNRGGI-UHFFFAOYSA-N
"levofloxacin;(2S)-7-fluoro-2-methyl-6-(4-methylpiperazin-1-yl)-10-oxo-4-oxa-1-azatricyclo[7.3.1.05,13]trideca-5(13),6,8,11-tetraene-11-carboxylic acid",C18H20FN3O4,361.14378,C[C@H]1COC2=C3N1C=C(C(=O)C3=CC(=C2N4CCN(CC4)C)F)C(=O)O,GSDSWSVVBLHKDQ-JTQLQIEISA-N
"moxifloxacin;7-[(4aS,7aS)-1,2,3,4,4a,5,7,7a-octahydropyrrolo[3,4-b]pyridin-6-yl]-1-cyclopropyl-6-fluoro-8-methoxy-4-oxoquinoline-3-carboxylic acid",C21H24FN3O4,401.17508,COC1=C2C(=CC(=C1N3C[C@@H]4CCCN[C@@H]4C3)F)C(=O)C(=CN2C5CC5)C(=O)O,FABPRXSRWADJSP-MEDUHNTESA-N
enrofloxacin;1-cyclopropyl-7-(4-ethylpiperazin-1-yl)-6-fluoro-4-oxoquinoline-3-carboxylic acid,C19H22FN3O3,359.16452,CCN1CCN(CC1)C2=C(C=C3C(=C2)N(C=C(C3=O)C(=O)O)C4CC4)F,SPFYMRJSYKOXGV-UHFFFAOYSA-N
"danofloxacin;1-cyclopropyl-6-fluoro-7-[(1S,4S)-5-methyl-2,5-diazabicyclo[2.2.1]heptan-2-yl]-4-oxoquinoline-3-carboxylic acid",C19H20FN3O3,357.14887,CN1C[C@@H]2C[C@H]1CN2C3=C(C=C4C(=C3)N(C=C(C4=O)C(=O)O)C5CC5)F,QMLVECGLEOSESV-RYUDHWBXSA-N
"flumequine;7-fluoro-12-methyl-4-oxo-1-azatricyclo[7.3.1.05,13]trideca-2,5,7,9(13)-tetraene-3-carboxylic acid",C14H12FNO3,261.08012,CC1CCC2=C3N1C=C(C(=O)C3=CC(=C2)F)C(=O)O,DPSPPJIUMHPXMA-UHFFFAOYSA-N
"nalidixic acid;1-ethyl-7-methyl-4-oxo-1,8-naphthyridine-3-carboxylic acid",C12H12N2O3,232.08479,CCN1C=C(C(=O)C2=C1N=C(C=C2)C)C(=O)O,MHWLWQUZZRMNGJ-UHFFFAOYSA-N
metronidazole;2-(2-methyl-5-nitroimidazol-1-yl)ethanol,C6H9N3O3,171.06439,CC1=NC=C(N1CCO)[N+](=O)[O-],VAOCPAMSLUNLGC-UHFFFAOYSA-N
"chloramphenicol;2,2-dichloro-N-[(1R,2R)-1,3-dihydroxy-1-(4-nitrophenyl)propan-2-yl]acetamide",C11H12Cl2N2O5,322.01233,C1=CC(=CC=C1[C@H]([C@@H](CO)NC(=O)C(Cl)Cl)O)[N+](=O)[O-],WIIZWVCIJKGZOK-RKDXNWHRSA-N
"florfenicol;2,2-dichloro-N-[(1R,2S)-3-fluoro-1-hydroxy-1-(4-methylsulfonylphenyl)propan-2-yl]acetamide",C12H14Cl2FNO4S,357.00046,CS(=O)(=O)C1=CC=C(C=C1)[C@H]([C@@H](CF)NC(=O)C(Cl)Cl)O,AYIRNRDRBQJXIF-NXEZZACHSA-N
"vancomycin;(1S,2R,18R,19R,22S,25R,28R,40S)-48-[(2S,3R,4S,5S,6R)-3-[(2S,4S,5S,6S)-4-amino-5-hydroxy-4,6-dimethyloxan-2-yl]oxy-4,5-dihydroxy-6-(hydroxymethyl)oxan-2-yl]oxy-22-(2-amino-2-oxoethyl)-5,15-dichloro-2,18,32,35,37-pentahydroxy-19-[[(2R)-4-methyl-2-(methylamino)pentanoyl]amino]-20,23,26,42,44-pentaoxo-7,13-dioxa-21,24,27,41,43-pentazaoctacyclo[26.14.2.23,6.214,17.18,12.129,33.010,25.034,39]pentaconta-3,5,8(48),9,11,14,16,29(45),30,32,34(39),35,37,46,49-pentadecaene-40-carboxylic acid",C66H75Cl2N9O24,1447.43020,C[C@H]1[C@H]([C@@](C[C@@H](O1)O[C@@H]2[C@H]([C@@H]([C@H](O[C@H]2OC3=C4C=C5C=C3OC6=C(C=C(C=C6)[C@H]([C@H](C(=O)N[C@H](C(=O)N[C@H]5C(=O)N[C@@H]7C8=CC(=C(C=C8)O)C9=C(C=C(C=C9O)O)[C@H](NC(=O)[C@H]([C@@H](C1=CC(=C(O4)C=C1)Cl)O)NC7=O)C(=O)O)CC(=O)N)NC(=O)[C@@H](CC(C)C)NC)O)Cl)CO)O)O)(C)N)O,MYPYJXKWCTUITO-LYRMYLQWSA-N
"gentamicin;2-[4,6-diamino-3-[3-amino-6-[1-(methylamino)ethyl]oxan-2-yl]oxy-2-hydroxycyclohexyl]oxy-5-methyl-4-(methylamino)oxane-3,5-diol",C21H43N5O7,477.31625,CC(C1CCC(C(O1)OC2C(CC(C(C2O)OC3C(C(C(CO3)(C)O)NC)O)N)N)N)NC,CEAZRRDELHUEMR-UHFFFAOYSA-N
"streptomycin;2-[(1R,2R,3S,4R,5R,6S)-3-(diaminomethylideneamino)-4-[(2R,3R,4R,5S)-3-[(2S,3S,4S,5R,6S)-4,5-dihydroxy-6-(hydroxymethyl)-3-(methylamino)oxan-2-yl]oxy-4-formyl-4-hydroxy-5-methyloxolan-2-yl]oxy-2,5,6-trihydroxycyclohexyl]guanidine",C21H39N7O12,581.26567,C[C@H]1[C@@]([C@H]([C@@H](O1)O[C@@H]2[C@H]([C@@H]([C@H]([C@@H]([C@H]2O)O)N=C(N)N)O)N=C(N)N)O[C@H]3[C@H]([C@@H]([C@H]([C@@H](O3)CO)O)O)NC)(C=O)O,UCSJYZPVAKXKNQ-HZYVHMACSA-N
"rifampicin;[(7S,9E,11S,12R,13S,14R,15R,16R,17S,18S,19E,21Z)-2,15,17,27,29-pentahydroxy-11-methoxy-3,7,12,14,16,18,22-heptamethyl-26-[(E)-(4-methylpiperazin-1-yl)iminomethyl]-6,23-dioxo-8,30-dioxa-24-azatetracyclo[23.3.1.14,7.05,28]triaconta-1(29),2,4,9,19,21,25,27-octaen-13-yl] acetate",C43H58N4O12,822.40512,C[C@H]1/C=C/C=C(\C(=O)NC2=C(C(=C3C(=C2O)C(=C(C4=C3C(=O)[C@](O4)(O/C=C/[C@@H]([C@H]([C@H]([C@@H]([C@@H]([C@@H]([C@H]1O)C)O)C)OC(=O)C)C)OC)C)C)O)O)/C=N/N5CCN(CC5)C)/C,JQXXHWHPUNPDRT-WLSIYKJHSA-N
isoniazid;pyridine-4-carbohydrazide,C6H7N3O,137.05891,C1=CN=CC=C1C(=O)NN,QRXWMOHMRWLFEY-UHFFFAOYSA-N
ethambutol;(2S)-2-[2-[[(2S)-1-hydroxybutan-2-yl]amino]ethylamino]butan-1-ol,C10H24N2O2,204.18378,CC[C@@H](CO)NCCN[C@@H](CC)CO,AEUTYOVWOVBAKS-UWVGGRQHSA-N
"nitrofurantoin;1-[(E)-(5-nitrofuran-2-yl)methylideneamino]imidazolidine-2,4-dione",C8H6N4O5,238.03382,C1C(=O)NC(=O)N1/N=C/C2=CC=C(O2)[N+](=O)[O-],NXFQHRVNIOXGAQ-YCRREMRBSA-N
"fluconazole;2-(2,4-difluorophenyl)-1,3-bis(1,2,4-triazol-1-yl)propan-2-ol",C13H12F2N6O,306.10407,C1=CC(=C(C=C1F)F)C(CN2C=NC=N2)(CN3C=NC=N3)O,RFHAOTPXVQNOHP-UHFFFAOYSA-N
"ketoconazole;1-[4-[4-[[(2S,4R)-2-(2,4-dichlorophenyl)-2-(imidazol-1-ylmethyl)-1,3-dioxolan-4-yl]methoxy]phenyl]piperazin-1-yl]ethanone",C26H28Cl2N4O4,530.14876,CC(=O)N1CCN(CC1)C2=CC=C(C=C2)OC[C@@H]3CO[C@@](O3)(CN4C=CN=C4)C5=C(C=C(C=C5)Cl)Cl,XMAYWYJOQHXEEK-ZEQKJWHPSA-N
clotrimazole;1-[(2-chlorophenyl)-diphenylmethyl]imidazole,C22H17ClN2,344.10803,C1=CC=C(C=C1)C(C2=CC=CC=C2)(C3=CC=CC=C3Cl)N4C=CN=C4,VNFPBHJOKIVQEB-UHFFFAOYSA-N
"miconazole;1-[2-(2,4-dichlorophenyl)-2-[(2,4-dichlorophenyl)methoxy]ethyl]imidazole",C18H14Cl4N2O,413.98602,C1=CC(=C(C=C1Cl)Cl)COC(CN2C=CN=C2)C3=C(C=C(C=C3)Cl)Cl,BYBLEWFAAKGYCD-UHFFFAOYSA-N
"itraconazole;2-butan-2-yl-4-[4-[4-[4-[[(2R,4S)-2-(2,4-dichlorophenyl)-2-(1,2,4-triazol-1-ylmethyl)-1,3-dioxolan-4-yl]methoxy]phenyl]piperazin-1-yl]phenyl]-1,2,4-triazol-3-one",C35H38Cl2N8O4,704.23931,CCC(C)N1C(=O)N(C=N1)C2=CC=C(C=C2)N3CCN(CC3)C4=CC=C(C=C4)OC[C@H]5CO[C@](O5)(CN6C=NC=N6)C7=C(C=C(C=C7)Cl)Cl,VHVPQPYKVGDNFY-ZPGVKDDISA-N
"terbinafine;(E)-N,6,6-trimethyl-N-(naphthalen-1-ylmethyl)hept-2-en-4-yn-1-amine",C21H25N,291.19870,CC(C)(C)C#C/C=C/CN(C)CC1=CC=CC2=CC=CC=C21,DOMXUEMWDBAQBQ-WEVVVXLNSA-N
acyclovir;2-amino-9-(2-hydroxyethoxymethyl)-1H-purin-6-one,C8H11N5O3,225.08619,C1=NC2=C(N1COCCO)N=C(NC2=O)N,MKUXAQIIEYXACX-UHFFFAOYSA-N
"oseltamivir;ethyl (3R,4R,5S)-4-acetamido-5-amino-3-pentan-3-yloxycyclohexene-1-carboxylate",C16H28N2O4,312.20491,CCC(CC)O[C@@H]1C=C(C[C@@H]([C@H]1NC(=O)C)N)C(=O)OCC,VSZGPKBBMSAYNT-RRFJBIMHSA-N
"lamivudine;4-amino-1-[(2R,5S)-2-(hydroxymethyl)-1,3-oxathiolan-5-yl]pyrimidin-2-one",C8H11N3O3S,229.05211,C1[C@H](O[C@H](S1)CO)N2C=CC(=NC2=O)N,JTEGQNOMFQHVDC-NKWVEPMBSA-N
"zidovudine;1-[(2R,4S,5S)-4-azido-5-(hydroxymethyl)oxolan-2-yl]-5-methylpyrimidine-2,4-dione",C10H13N5O4,267.09675,CC1=CN(C(=O)NC1=O)[C@H]2C[C@@H]([C@H](O2)CO)N=[N+]=[N-],HBOMLICNUCNMMY-XLPZGREQSA-N
"abacavir;[(1S,4R)-4-[2-amino-6-(cyclopropylamino)purin-9-yl]cyclopent-2-en-1-yl]methanol",C14H18N6O,286.15421,C1CC1NC2=C3C(=NC(=N2)N)N(C=N3)[C@@H]4C[C@@H](C=C4)CO,MCGSCOLBFJQGHM-SCZZXKLOSA-N
"efavirenz;(4S)-6-chloro-4-(2-cyclopropylethynyl)-4-(trifluoromethyl)-1H-3,1-benzoxazin-2-one",C14H9ClF3NO2,315.02739,C1CC1C#C[C@]2(C3=C(C=CC(=C3)Cl)NC(=O)O2)C(F)(F)F,XPOQHMRABVBWPR-ZDUSSCGKSA-N
"nevirapine;2-cyclopropyl-7-methyl-2,4,9,15-tetrazatricyclo[9.4.0.03,8]pentadeca-1(11),3,5,7,12,14-hexaen-10-one",C15H14N4O,266.11676,CC1=C2C(=NC=C1)N(C3=C(C=CC=N3)C(=O)N2)C4CC4,NQDJXKOVJZTUJA-UHFFFAOYSA-N
"ritonavir;1,3-thiazol-5-ylmethyl N-[(2S,3S,5S)-3-hydroxy-5-[[(2S)-3-methyl-2-[[methyl-[(2-propan-2-yl-1,3-thiazol-4-yl)methyl]carbamoyl]amino]butanoyl]amino]-1,6-diphenylhexan-2-yl]carbamate",C37H48N6O5S2,720.31276,CC(C)C1=NC(=CS1)CN(C)C(=O)N[C@@H](C(C)C)C(=O)N[C@@H](CC2=CC=CC=C2)C[C@@H]([C@H](CC3=CC=CC=C3)NC(=O)OCC4=CN=CS4)O,NCDNCNXCDXHOMX-XGKFQTDJSA-N
hydroxychloroquine;2-[4-[(7-chloroquinolin-4-yl)amino]pentyl-ethylamino]ethanol,C18H26ClN3O,335.17644,CCN(CCCC(C)NC1=C2C=CC(=CC2=NC=C1)Cl)CCO,XXSMGPRMXLTPCZ-UHFFFAOYSA-N
"chloroquine;4-N-(7-chloroquinolin-4-yl)-1-N,1-N-diethylpentane-1,4-diamine",C18H26ClN3,319.18153,CCN(CC)CCCC(C)NC1=C2C=CC(=CC2=NC=C1)Cl,WHTVZRBIWZFKQO-UHFFFAOYSA-N
"quinine;(R)-[(2S,4S,5R)-5-ethenyl-1-azabicyclo[2.2.2]octan-2-yl]-(6-methoxyquinolin-4-yl)methanol",C20H24N2O2,324.18378,COC1=CC2=C(C=CN=C2C=C1)[C@H]([C@@H]3C[C@@H]4CCN3C[C@@H]4C=C)O,LOUPRKONTZGTKE-WZBLMQSHSA-N
albendazole;methyl N-(6-propylsulfanyl-1H-benzimidazol-2-yl)carbamate,C12H15N3O2S,265.08850,CCCSC1=CC2=C(C=C1)N=C(N2)NC(=O)OC,HXHWSAZORRCQMX-UHFFFAOYSA-N
"praziquantel;2-(cyclohexanecarbonyl)-3,6,7,11b-tetrahydro-1H-pyrazino[2,1-a]isoquinolin-4-one",C19H24N2O2,312.18378,C1CCC(CC1)C(=O)N2CC3C4=CC=CC=C4CCN3C(=O)C2,FSVJFNAIGNNGKK-UHFFFAOYSA-N
"estrone;(8R,9S,13S,14S)-3-hydroxy-13-methyl-7,8,9,11,12,14,15,16-octahydro-6H-cyclopenta[a]phenanthren-17-one",C18H22O2,270.16198,C[C@]12CC[C@H]3[C@H]([C@@H]1CCC2=O)CCC4=C3C=CC(=C4)O,DNXHEGUUPJUMQT-CBZIJGRNSA-N
"17beta-estradiol;estradiol;(8R,9S,13S,14S,17S)-13-methyl-6,7,8,9,11,12,14,15,16,17-decahydrocyclopenta[a]phenanthrene-3,17-diol",C18H24O2,272.17763,C[C@]12CC[C@H]3[C@H]([C@@H]1CC[C@@H]2O)CCC4=C3C=CC(=C4)O,VOXZDWNPVJITMN-ZBRFXRBCSA-N
"estriol;(8R,9S,13S,14S,16R,17R)-13-methyl-6,7,8,9,11,12,14,15,16,17-decahydrocyclopenta[a]phenanthrene-3,16,17-triol",C18H24O3,288.17254,C[C@]12CC[C@H]3[C@H]([C@@H]1C[C@H]([C@@H]2O)O)CCC4=C3C=CC(=C4)O,PROQIPRRNZUXQM-ZXXIGWHRSA-N
"progesterone;(8S,9S,10R,13S,14S,17S)-17-acetyl-10,13-dimethyl-1,2,6,7,8,9,11,12,14,15,16,17-dodecahydrocyclopenta[a]phenanthren-3-one",C21H30O2,314.22458,CC(=O)[C@H]1CC[C@@H]2[C@@]1(CC[C@H]3[C@H]2CCC4=CC(=O)CC[C@]34C)C,RJKFOVLPORLFTN-LEKSSAKUSA-N
"testosterone;(8R,9S,10R,13S,14S,17S)-17-hydroxy-10,13-dimethyl-1,2,6,7,8,9,11,12,14,15,16,17-dodecahydrocyclopenta[a]phenanthren-3-one",C19H28O2,288.20893,C[C@]12CC[C@H]3[C@H]([C@@H]1CC[C@@H]2O)CCC4=CC(=O)CC[C@]34C,MUMGGOZAMZWBJJ-DYKIIFRCSA-N
"norethindrone;(8R,9S,10R,13S,14S,17R)-17-ethynyl-17-hydroxy-13-methyl-1,2,6,7,8,9,10,11,12,14,15,16-dodecahydrocyclopenta[a]phenanthren-3-one",C20H26O2,298.19328,C[C@]12CC[C@H]3[C@H]([C@@H]1CC[C@]2(C#C)O)CCC4=CC(=O)CC[C@H]34,VIKNJXKGJWUCNN-XGXHKTLJSA-N
"levonorgestrel;(8R,9S,10R,13S,14S,17R)-13-ethyl-17-ethynyl-17-hydroxy-1,2,6,7,8,9,10,11,12,14,15,16-dodecahydrocyclopenta[a]phenanthren-3-one",C21H28O2,312.20893,CC[C@]12CC[C@H]3[C@H]([C@@H]1CC[C@]2(C#C)O)CCC4=CC(=O)CC[C@H]34,WWYNJERNGUHSAO-XUDSTZEESA-N
"drospirenone;(1R,2R,4R,10R,11S,14S,15S,16S,18S,19S)-10,14-dimethylspiro[hexacyclo[9.8.0.02,4.05,10.014,19.016,18]nonadec-5-ene-15,5'-oxolane]-2',7-dione",C24H30O3,366.21949,C[C@]12CCC(=O)C=C1[C@@H]3C[C@@H]3[C@@H]4[C@@H]2CC[C@]5([C@H]4[C@@H]6C[C@@H]6[C@@]57CCC(=O)O7)C,METQSPRSQINEEU-HXCATZOESA-N
diethylstilbestrol;4-[(E)-4-(4-hydroxyphenyl)hex-3-en-3-yl]phenol,C18H20O2,268.14633,CC/C(=C(/CC)\C1=CC=C(C=C1)O)/C2=CC=C(C=C2)O,RGLYKWWBQGJZGM-ISLYRVAYSA-N
"mestranol;(8R,9S,13S,14S,17R)-17-ethynyl-3-methoxy-13-methyl-7,8,9,11,12,14,15,16-octahydro-6H-cyclopenta[a]phenanthren-17-ol",C21H26O2,310.19328,C[C@]12CC[C@H]3[C@H]([C@@H]1CC[C@]2(C#C)O)CCC4=C3C=CC(=C4)OC,IMSSROKUHAOUJS-MJCUULBUSA-N
"trenbolone;(8S,13S,14S,17S)-17-hydroxy-13-methyl-2,6,7,8,14,15,16,17-octahydro-1H-cyclopenta[a]phenanthren-3-one",C18H22O2,270.16198,C[C@]12C=CC3=C4CCC(=O)C=C4CC[C@H]3[C@@H]1CC[C@@H]2O,MEHHPFQKXOUFFV-OWSLCNJRSA-N
"nandrolone;(8R,9S,10R,13S,14S,17S)-17-hydroxy-13-methyl-2,6,7,8,9,10,11,12,14,15,16,17-dodecahydro-1H-cyclopenta[a]phenanthren-3-one",C18H26O2,274.19328,C[C@]12CC[C@H]3[C@H]([C@@H]1CC[C@@H]2O)CCC4=CC(=O)CC[C@H]34,NPAGDVCDWIYMMC-IZPLOLCNSA-N
"atrazine;6-chloro-4-N-ethyl-2-N-propan-2-yl-1,3,5-triazine-2,4-diamine",C8H14ClN5,215.09377,CCNC1=NC(=NC(=N1)Cl)NC(C)C,MXWJVTOOROXGIU-UHFFFAOYSA-N
"simazine;6-chloro-2-N,4-N-diethyl-1,3,5-triazine-2,4-diamine",C7H12ClN5,201.07812,CCNC1=NC(=NC(=N1)Cl)NCC,ODCWYMIRDDJXKW-UHFFFAOYSA-N
"terbuthylazine;2-N-tert-butyl-6-chloro-4-N-ethyl-1,3,5-triazine-2,4-diamine",C9H16ClN5,229.10942,CCNC1=NC(=NC(=N1)Cl)NC(C)(C)C,FZXISNSWEXTPMF-UHFFFAOYSA-N
"propazine;6-chloro-2-N,4-N-di(propan-2-yl)-1,3,5-triazine-2,4-diamine",C9H16ClN5,229.10942,CC(C)NC1=NC(=NC(=N1)Cl)NC(C)C,WJNRPILHGGKWCK-UHFFFAOYSA-N
"desethylatrazine;Deethylatrazine;6-chloro-2-N-propan-2-yl-1,3,5-triazine-2,4-diamine",C6H10ClN5,187.06247,CC(C)NC1=NC(=NC(=N1)N)Cl,DFWFIQKMSFGDCQ-UHFFFAOYSA-N
"desisopropylatrazine;Deisopropylatrazine;6-chloro-2-N-ethyl-1,3,5-triazine-2,4-diamine",C5H8ClN5,173.04682,CCNC1=NC(=NC(=N1)N)Cl,IVENSCMCQBJAKW-UHFFFAOYSA-N
"cyanazine;2-[[4-chloro-6-(ethylamino)-1,3,5-triazin-2-yl]amino]-2-methylpropanenitrile",C9H13ClN6,240.08902,CCNC1=NC(=NC(=N1)Cl)NC(C)(C)C#N,MZZBPDKVEFVLFF-UHFFFAOYSA-N
"prometryn;6-methylsulfanyl-2-N,4-N-di(propan-2-yl)-1,3,5-triazine-2,4-diamine",C10H19N5S,241.13612,CC(C)NC1=NC(=NC(=N1)SC)NC(C)C,AAEVYOVXGOFMJO-UHFFFAOYSA-N
"ametryn;4-N-ethyl-6-methylsulfanyl-2-N-propan-2-yl-1,3,5-triazine-2,4-diamine",C9H17N5S,227.12047,CCNC1=NC(=NC(=N1)SC)NC(C)C,RQVYBGPQFYCBGX-UHFFFAOYSA-N
"terbutryn;2-N-tert-butyl-4-N-ethyl-6-methylsulfanyl-1,3,5-triazine-2,4-diamine",C10H19N5S,241.13612,CCNC1=NC(=NC(=N1)SC)NC(C)(C)C,IROINLKCQGIITA-UHFFFAOYSA-N
"metribuzin;4-amino-6-tert-butyl-3-methylsulfanyl-1,2,4-triazin-5-one",C8H14N4OS,214.08883,CC(C)(C)C1=NN=C(N(C1=O)N)SC,FOXFZRUHNHCZPX-UHFFFAOYSA-N
"diuron;3-(3,4-dichlorophenyl)-1,1-dimethylurea",C9H10Cl2N2O,232.01702,CN(C)C(=O)NC1=CC(=C(C=C1)Cl)Cl,XMTQQYYKAHVGBJ-UHFFFAOYSA-N
"linuron;3-(3,4-dichlorophenyl)-1-methoxy-1-methylurea",C9H10Cl2N2O2,248.01193,CN(C(=O)NC1=CC(=C(C=C1)Cl)Cl)OC,XKJMBINCVNINCA-UHFFFAOYSA-N
"isoproturon;1,1-dimethyl-3-(4-propan-2-ylphenyl)urea",C12H18N2O,206.14191,CC(C)C1=CC=C(C=C1)NC(=O)N(C)C,PUIYMUZLKQOUOZ-UHFFFAOYSA-N
"chlorotoluron;3-(3-chloro-4-methylphenyl)-1,1-dimethylurea",C10H13ClN2O,212.07164,CC1=C(C=C(C=C1)NC(=O)N(C)C)Cl,JXCGFZXSOMJFOA-UHFFFAOYSA-N
"monuron;3-(4-chlorophenyl)-1,1-dimethylurea",C9H11ClN2O,198.05599,CN(C)C(=O)NC1=CC=C(C=C1)Cl,BMLIZLVNXIYGCK-UHFFFAOYSA-N
"fenuron;1,1-dimethyl-3-phenylurea",C9H12N2O,164.09496,CN(C)C(=O)NC1=CC=CC=C1,XXOYNJXVWVNOOJ-UHFFFAOYSA-N
metobromuron;3-(4-bromophenyl)-1-methoxy-1-methylurea,C9H11BrN2O2,258.00039,CN(C(=O)NC1=CC=C(C=C1)Br)OC,WLFDQEVORAMCIM-UHFFFAOYSA-N
"fluometuron;1,1-dimethyl-3-[3-(trifluoromethyl)phenyl]urea",C10H11F3N2O,232.08235,CN(C)C(=O)NC1=CC=CC(=C1)C(F)(F)F,RZILCCPWPBTYDO-UHFFFAOYSA-N
"tebuthiuron;1-(5-tert-butyl-1,3,4-thiadiazol-2-yl)-1,3-dimethylurea",C9H16N4OS,228.10448,CC(C)(C)C1=NN=C(S1)N(C)C(=O)NC,HBPDKDSFLXWOAE-UHFFFAOYSA-N
"carbofuran;(2,2-dimethyl-3H-1-benzofuran-7-yl) N-methylcarbamate",C12H15NO3,221.10519,CC1(CC2=C(O1)C(=CC=C2)OC(=O)NC)C,DUEPRVBVGDRKAG-UHFFFAOYSA-N
carbaryl;naphthalen-1-yl N-methylcarbamate,C12H11NO2,201.07898,CNC(=O)OC1=CC=CC2=CC=CC=C21,CVXBEEMKQHEXEN-UHFFFAOYSA-N
"methiocarb;(3,5-dimethyl-4-methylsulfanylphenyl) N-methylcarbamate",C11H15NO2S,225.08235,CC1=CC(=CC(=C1SC)C)OC(=O)NC,YFBPRJGDJKVWAH-UHFFFAOYSA-N
aldicarb;[(E)-(2-methyl-2-methylsulfanylpropylidene)amino] N-methylcarbamate,C7H14N2O2S,190.07760,CC(C)(/C=N/OC(=O)NC)SC,QGLZXHRNAYXIBU-WEVVVXLNSA-N
propoxur;(2-propan-2-yloxyphenyl) N-methylcarbamate,C11H15NO3,209.10519,CC(C)OC1=CC=CC=C1OC(=O)NC,ISRUGXGCCGIOQO-UHFFFAOYSA-N
"pirimicarb;[2-(dimethylamino)-5,6-dimethylpyrimidin-4-yl] N,N-dimethylcarbamate",C11H18N4O2,238.14298,CC1=C(N=C(N=C1OC(=O)N(C)C)N(C)C)C,YFGYUFNIOHWBOB-UHFFFAOYSA-N
methomyl;methyl N-(methylcarbamoyloxy)ethanimidothioate,C5H10N2O2S,162.04630,CC(=NOC(=O)NC)SC,UHXUZOCRWCRNSJ-UHFFFAOYSA-N
carbendazim;methyl N-(1H-benzimidazol-2-yl)carbamate,C9H9N3O2,191.06948,COC(=O)NC1=NC2=CC=CC=C2N1,TWFZGCMQGLPBSX-UHFFFAOYSA-N
"thiabendazole;4-(1H-benzimidazol-2-yl)-1,3-thiazole",C10H7N3S,201.03607,C1=CC=C2C(=C1)NC(=N2)C3=CSC=N3,WJCNZQLZVWNLKY-UHFFFAOYSA-N
benomyl;methyl N-[1-(butylcarbamoyl)benzimidazol-2-yl]carbamate,C14H18N4O3,290.13789,CCCCNC(=O)N1C2=CC=CC=C2N=C1NC(=O)OC,RIOXQFHNBCKOKP-UHFFFAOYSA-N
thiophanate-methyl;methyl N-[[2-(methoxycarbonylcarbamothioylamino)phenyl]carbamothioyl]carbamate,C12H14N4O4S2,342.04565,COC(=O)NC(=S)NC1=CC=CC=C1NC(=S)NC(=O)OC,QGHREAKMXXNCOA-UHFFFAOYSA-N
imidacloprid;(NE)-N-[1-[(6-chloro-3-pyridinyl)methyl]imidazolidin-2-ylidene]nitramide,C9H10ClN5O2,255.05230,C1CN(/C(=N/[N+](=O)[O-])/N1)CC2=CN=C(C=C2)Cl,YWTYJOPNNQFBPC-UHFFFAOYSA-N
"thiacloprid;[3-[(6-chloropyridin-3-yl)methyl]-1,3-thiazolidin-2-ylidene]cyanamide;[3-[(6-chloro-3-pyridinyl)methyl]-1,3-thiazolidin-2-ylidene]cyanamide",C10H9ClN4S,252.02365,C1CSC(=NC#N)N1CC2=CN=C(C=C2)Cl,HOKKPVIRMVDYPB-UHFFFAOYSA-N
"thiamethoxam;(NE)-N-[3-[(2-chloro-1,3-thiazol-5-yl)methyl]-5-methyl-1,3,5-oxadiazinan-4-ylidene]nitramide",C8H10ClN5O3S,291.01929,CN\1COCN(/C1=N/[N+](=O)[O-])CC2=CN=C(S2)Cl,NWWZPOKUUAIXIW-DHZHZOJOSA-N
"clothianidin;1-[(2-chloro-1,3-thiazol-5-yl)methyl]-3-methyl-2-nitroguanidine",C6H8ClN5O2S,249.00872,CN/C(=N\[N+](=O)[O-])/NCC1=CN=C(S1)Cl,PGOOBECODWQEAB-UHFFFAOYSA-N
acetamiprid;160430-64-8;N-[(6-chloro-3-pyridinyl)methyl]-N'-cyano-N-methylethanimidamide,C10H11ClN4,222.06722,CC(=NC#N)N(C)CC1=CN=C(C=C1)Cl,WCXDHFDTOYPNIE-UHFFFAOYSA-N
"nitenpyram;(E)-1-N'-[(6-chloro-3-pyridinyl)methyl]-1-N'-ethyl-1-N-methyl-2-nitroethene-1,1-diamine",C11H15ClN4O2,270.08835,CCN(CC1=CN=C(C=C1)Cl)/C(=C/[N+](=O)[O-])/NC,CFRPSFYHXJZSBI-DHZHZOJOSA-N
dinotefuran;MTI-446;2-methyl-1-nitro-3-(oxolan-3-ylmethyl)guanidine,C7H14N4O3,202.10659,CN=C(NCC1CCOC1)N[N+](=O)[O-],YKBZOVFACRVRJN-UHFFFAOYSA-N
"fipronil;5-amino-1-[2,6-dichloro-4-(trifluoromethyl)phenyl]-4-(trifluoromethylsulfinyl)pyrazole-3-carbonitrile",C12H4Cl2F6N4OS,435.93871,C1=C(C=C(C(=C1Cl)N2C(=C(C(=N2)C#N)S(=O)C(F)(F)F)N)Cl)C(F)(F)F,ZOCSXAVNDGMNBV-UHFFFAOYSA-N
glyphosate;2-(phosphonomethylamino)acetic acid,C3H8NO5P,169.01401,C(C(=O)O)NCP(=O)(O)O,XDDAORKBJWWYJS-UHFFFAOYSA-N
glufosinate;2-amino-4-[hydroxy(methyl)phosphoryl]butanoic acid,C5H12NO4P,181.05039,CP(=O)(CCC(C(=O)O)N)O,IAJOBQBIJHVGMQ-UHFFFAOYSA-N
aminomethylphosphonic acid;AMPA;(Aminomethyl)phosphonic acid,CH6NO3P,111.00853,C(N)P(=O)(O)O,MGRVRXRGTBOSHW-UHFFFAOYSA-N
"2,4-D;2,4-dichlorophenoxyacetic acid;2-(2,4-dichlorophenoxy)acetic acid",C8H6Cl2O3,219.96940,C1=CC(=C(C=C1Cl)Cl)OCC(=O)O,OVSKIKFHRZPJSS-UHFFFAOYSA-N
MCPA;2-(4-chloro-2-methylphenoxy)acetic acid,C9H9ClO3,200.02402,CC1=C(C=CC(=C1)Cl)OCC(=O)O,WHKUVVPPKQRRBV-UHFFFAOYSA-N
mecoprop;2-(4-chloro-2-methylphenoxy)propanoic acid,C10H11ClO3,214.03967,CC1=C(C=CC(=C1)Cl)OC(C)C(=O)O,WNTGYJSOUMFZEP-UHFFFAOYSA-N
"dichlorprop;2-(2,4-dichlorophenoxy)propanoic acid",C9H8Cl2O3,233.98505,CC(C(=O)O)OC1=C(C=C(C=C1)Cl)Cl,MZHCENGPTKEIGP-UHFFFAOYSA-N
"dicamba;3,6-dichloro-2-methoxybenzoic acid",C8H6Cl2O3,219.96940,COC1=C(C=CC(=C1C(=O)O)Cl)Cl,IWEDIXLBFLAXBO-UHFFFAOYSA-N
"triclopyr;2-[(3,5,6-trichloro-2-pyridinyl)oxy]acetic acid",C7H4Cl3NO3,254.92568,C1=C(C(=NC(=C1Cl)Cl)OCC(=O)O)Cl,REEQLXCGVXDJSQ-UHFFFAOYSA-N
"picloram;4-amino-3,5,6-trichloropyridine-2-carboxylic acid",C6H3Cl3N2O2,239.92601,C1(=C(C(=NC(=C1Cl)Cl)C(=O)O)Cl)N,NQQVFXUMIDALNH-UHFFFAOYSA-N
"bentazon;Bentazone;2,2-dioxo-3-propan-2-yl-1H-2lambda6,1,3-benzothiadiazin-4-one",C10H12N2O3S,240.05686,CC(C)N1C(=O)C2=CC=CC=C2NS1(=O)=O,ZOMSMJKLGFBRBS-UHFFFAOYSA-N
metolachlor;2-chloro-N-(2-ethyl-6-methylphenyl)-N-(1-methoxypropan-2-yl)acetamide,C15H22ClNO2,283.13391,CCC1=CC=CC(=C1N(C(C)COC)C(=O)CCl)C,WVQBLGZPHOPPFO-UHFFFAOYSA-N
"alachlor;2-chloro-N-(2,6-diethylphenyl)-N-(methoxymethyl)acetamide",C14H20ClNO2,269.11826,CCC1=C(C(=CC=C1)CC)N(COC)C(=O)CCl,XCSGPAVHZFQHGE-UHFFFAOYSA-N
acetochlor;2-chloro-N-(ethoxymethyl)-N-(2-ethyl-6-methylphenyl)acetamide,C14H20ClNO2,269.11826,CCC1=CC=CC(=C1N(COCC)C(=O)CCl)C,VTNQPKFIQCLBDU-UHFFFAOYSA-N
"butachlor;N-(butoxymethyl)-2-chloro-N-(2,6-diethylphenyl)acetamide",C17H26ClNO2,311.16521,CCCCOCN(C1=C(C=CC=C1CC)CC)C(=O)CCl,HKPHPIREJKHECO-UHFFFAOYSA-N
propachlor;2-chloro-N-phenyl-N-propan-2-ylacetamide,C11H14ClNO,211.07639,CC(C)N(C1=CC=CC=C1)C(=O)CCl,MFOUDYKPLGXPGO-UHFFFAOYSA-N
"metazachlor;2-chloro-N-(2,6-dimethylphenyl)-N-(pyrazol-1-ylmethyl)acetamide",C14H16ClN3O,277.09819,CC1=C(C(=CC=C1)C)N(CN2C=CC=N2)C(=O)CCl,STEPQTYSZVCJPV-UHFFFAOYSA-N
"dimethenamid;2-chloro-N-(2,4-dimethylthiophen-3-yl)-N-(1-methoxypropan-2-yl)acetamide",C12H18ClNO2S,275.07468,CC1=CSC(=C1N(C(C)COC)C(=O)CCl)C,JLYFCTQDENRSOL-UHFFFAOYSA-N
"chlorpyrifos;diethoxy-sulfanylidene-[(3,5,6-trichloro-2-pyridinyl)oxy]-lambda5-phosphane",C9H11Cl3NO3PS,348.92628,CCOP(=S)(OCC)OC1=NC(=C(C=C1Cl)Cl)Cl,SBPBAQFWLVIOKP-UHFFFAOYSA-N
diazinon;diethoxy-(6-methyl-2-propan-2-ylpyrimidin-4-yl)oxy-sulfanylidene-lambda5-phosphane,C12H21N2O3PS,304.10105,CCOP(=S)(OCC)OC1=NC(=NC(=C1)C)C(C)C,FHIVAFMUCKRCQO-UHFFFAOYSA-N
malathion;diethyl 2-dimethoxyphosphinothioylsulfanylbutanedioate,C10H19O6PS2,330.03607,CCOC(=O)CC(C(=O)OCC)SP(=S)(OC)OC,JXSJBGJIGXNWCI-UHFFFAOYSA-N
parathion;diethoxy-(4-nitrophenoxy)-sulfanylidene-lambda5-phosphane,C10H14NO5PS,291.03303,CCOP(=S)(OCC)OC1=CC=C(C=C1)[N+](=O)[O-],LCCNCVORNKJIRZ-UHFFFAOYSA-N
methyl parathion;Parathion-methyl;dimethoxy-(4-nitrophenoxy)-sulfanylidene-lambda5-phosphane,C8H10NO5PS,263.00173,COP(=S)(OC)OC1=CC=C(C=C1)[N+](=O)[O-],RLBIQVVOMOPOHC-UHFFFAOYSA-N
fenitrothion;dimethoxy-(3-methyl-4-nitrophenoxy)-sulfanylidene-lambda5-phosphane,C9H12NO5PS,277.01738,CC1=C(C=CC(=C1)OP(=S)(OC)OC)[N+](=O)[O-],ZNOLGFHPUIJIMJ-UHFFFAOYSA-N
dimethoate;2-dimethoxyphosphinothioylsulfanyl-N-methylacetamide,C5H12NO3PS2,228.99962,CNC(=O)CSP(=S)(OC)OC,MCWXGJITAZMZEV-UHFFFAOYSA-N
omethoate;2-dimethoxyphosphorylsulfanyl-N-methylacetamide,C5H12NO4PS,213.02247,CNC(=O)CSP(=O)(OC)OC,PZXOQEXFMJCDPG-UHFFFAOYSA-N
"azinphos-methyl;3-(dimethoxyphosphinothioylsulfanylmethyl)-1,2,3-benzotriazin-4-one",C10H12N3O3PS2,317.00577,COP(=S)(OC)SCN1C(=O)C2=CC=CC=C2N=N1,CJJOSEISRRTUQB-UHFFFAOYSA-N
"phosmet;2-(dimethoxyphosphinothioylsulfanylmethyl)isoindole-1,3-dione",C11H12NO4PS2,316.99454,COP(=S)(OC)SCN1C(=O)C2=CC=CC=C2C1=O,LMNZTLDVJIUSHT-UHFFFAOYSA-N
fenthion;dimethoxy-(3-methyl-4-methylsulfanylphenoxy)-sulfanylidene-lambda5-phosphane,C10H15O3PS2,278.02002,CC1=C(C=CC(=C1)OP(=S)(OC)OC)SC,PNVJTZOFSHSLTO-UHFFFAOYSA-N
"dichlorvos;2,2-dichloroethenyl dimethyl phosphate",C4H7Cl2O4P,219.94590,COP(=O)(OC)OC=C(Cl)Cl,OEBRKCOSUFCWJD-UHFFFAOYSA-N
"trichlorfon;2,2,2-trichloro-1-dimethoxyphosphorylethanol",C4H8Cl3O4P,255.92258,COP(=O)(C(C(Cl)(Cl)Cl)O)OC,NFACJZMKEDPNKN-UHFFFAOYSA-N
profenofos;4-bromo-2-chloro-1-[ethoxy(propylsulfanyl)phosphoryl]oxybenzene,C11H15BrClO3PS,371.93514,CCCSP(=O)(OCC)OC1=C(C=C(C=C1)Br)Cl,QYMMJNLHFKGANY-UHFFFAOYSA-N
"tebuconazole;1-(4-chlorophenyl)-4,4-dimethyl-3-(1,2,4-triazol-1-ylmethyl)pentan-3-ol",C16H22ClN3O,307.14514,CC(C)(C)C(CCC1=CC=C(C=C1)Cl)(CN2C=NC=N2)O,PXMNMQRDXWABCY-UHFFFAOYSA-N
"propiconazole;1-[[2-(2,4-dichlorophenyl)-4-propyl-1,3-dioxolan-2-yl]methyl]-1,2,4-triazole",C15H17Cl2N3O2,341.06978,CCCC1COC(O1)(CN2C=NC=N2)C3=C(C=C(C=C3)Cl)Cl,STJLVHWMYQXCPB-UHFFFAOYSA-N
"difenoconazole;1-[[2-[2-chloro-4-(4-chlorophenoxy)phenyl]-4-methyl-1,3-dioxolan-2-yl]methyl]-1,2,4-triazole",C19H17Cl2N3O3,405.06470,CC1COC(O1)(CN2C=NC=N2)C3=C(C=C(C=C3)OC4=CC=C(C=C4)Cl)Cl,BQYJATMQXGBDHF-UHFFFAOYSA-N
"epoxiconazole;1-[[(2S,3R)-3-(2-chlorophenyl)-2-(4-fluorophenyl)oxiran-2-yl]methyl]-1,2,4-triazole",C17H13ClFN3O,329.07312,C1=CC=C(C(=C1)[C@@H]2[C@@](O2)(CN3C=NC=N3)C4=CC=C(C=C4)F)Cl,ZMYFCFLJBGAQRS-IAGOWNOFSA-N
"cyproconazole;2-(4-chlorophenyl)-3-cyclopropyl-1-(1,2,4-triazol-1-yl)butan-2-ol",C15H18ClN3O,291.11384,CC(C1CC1)C(CN2C=NC=N2)(C3=CC=C(C=C3)Cl)O,UFNOUKDBUJZYDE-UHFFFAOYSA-N
"flusilazole;bis(4-fluorophenyl)-methyl-(1,2,4-triazol-1-ylmethyl)silane",C16H15F2N3Si,315.10033,C[Si](CN1C=NC=N1)(C2=CC=C(C=C2)F)C3=CC=C(C=C3)F,FQKUGOMFVDPBIZ-UHFFFAOYSA-N
"hexaconazole;2-(2,4-dichlorophenyl)-1-(1,2,4-triazol-1-yl)hexan-2-ol",C14H17Cl2N3O,313.07487,CCCCC(CN1C=NC=N1)(C2=C(C=C(C=C2)Cl)Cl)O,STMIIPIFODONDC-UHFFFAOYSA-N
"penconazole;1-[2-(2,4-dichlorophenyl)pentyl]-1,2,4-triazole",C13H15Cl2N3,283.06430,CCCC(CN1C=NC=N1)C2=C(C=C(C=C2)Cl)Cl,WKBPZYKAUNRMKP-UHFFFAOYSA-N
"prochloraz;N-propyl-N-[2-(2,4,6-trichlorophenoxy)ethyl]imidazole-1-carboxamide",C15H16Cl3N3O2,375.03081,CCCN(CCOC1=C(C=C(C=C1Cl)Cl)Cl)C(=O)N2C=CN=C2,TVLSRXXIMLFWEO-UHFFFAOYSA-N
"imazalil;1-[2-(2,4-dichlorophenyl)-2-prop-2-enoxyethyl]imidazole",C14H14Cl2N2O,296.04832,C=CCOC(CN1C=CN=C1)C2=C(C=C(C=C2)Cl)Cl,PZBPKYOVPCNPJY-UHFFFAOYSA-N
azoxystrobin;methyl (E)-2-[2-[6-(2-cyanophenoxy)pyrimidin-4-yl]oxyphenyl]-3-methoxyprop-2-enoate,C22H17N3O5,403.11682,CO/C=C(\C1=CC=CC=C1OC2=NC=NC(=C2)OC3=CC=CC=C3C#N)/C(=O)OC,WFDXOXNFNRHQEC-GHRIWEEISA-N
pyraclostrobin;methyl N-[2-[[1-(4-chlorophenyl)pyrazol-3-yl]oxymethyl]phenyl]-N-methoxycarbamate,C19H18ClN3O4,387.09858,COC(=O)N(C1=CC=CC=C1COC2=NN(C=C2)C3=CC=C(C=C3)Cl)OC,HZRSNVGNWUDEFX-UHFFFAOYSA-N
trifloxystrobin;methyl (2E)-2-methoxyimino-2-[2-[[(E)-1-[3-(trifluoromethyl)phenyl]ethylideneamino]oxymethyl]phenyl]acetate,C20H19F3N2O4,408.12969,C/C(=N\OCC1=CC=CC=C1/C(=N\OC)/C(=O)OC)/C2=CC(=CC=C2)C(F)(F)F,ONCZDRURRATYFI-TVJDWZFNSA-N
kresoxim-methyl;methyl (2E)-2-methoxyimino-2-[2-[(2-methylphenoxy)methyl]phenyl]acetate,C18H19NO4,313.13141,CC1=CC=CC=C1OCC2=CC=CC=C2/C(=N\OC)/C(=O)OC,ZOTBXTZVPHCKPN-HTXNQAPBSA-N
boscalid;2-chloro-N-[2-(4-chlorophenyl)phenyl]pyridine-3-carboxamide,C18H12Cl2N2O,342.03267,C1=CC=C(C(=C1)C2=CC=C(C=C2)Cl)NC(=O)C3=C(N=CC=C3)Cl,WYEMLYFITZORAB-UHFFFAOYSA-N
"carboxin;6-methyl-N-phenyl-2,3-dihydro-1,4-oxathiine-5-carboxamide",C12H13NO2S,235.06670,CC1=C(SCCO1)C(=O)NC2=CC=CC=C2,GYSSRZJIHXQEHQ-UHFFFAOYSA-N
"metalaxyl;methyl 2-(N-(2-methoxyacetyl)-2,6-dimethylanilino)propanoate",C15H21NO4,279.14706,CC1=C(C(=CC=C1)C)N(C(C)C(=O)OC)C(=O)COC,ZQEIXNIJLIKNTD-UHFFFAOYSA-N
cyprodinil;4-cyclopropyl-6-methyl-N-phenylpyrimidin-2-amine,C14H15N3,225.12660,CC1=CC(=NC(=N1)NC2=CC=CC=C2)C3CC3,HAORKNGNJCEJBX-UHFFFAOYSA-N
"pyrimethanil;4,6-dimethyl-N-phenylpyrimidin-2-amine",C12H13N3,199.11095,CC1=CC(=NC(=N1)NC2=CC=CC=C2)C,ZLIBICFPKPWGIZ-UHFFFAOYSA-N
"fenhexamid;N-(2,3-dichloro-4-hydroxyphenyl)-1-methylcyclohexane-1-carboxamide",C14H17Cl2NO2,301.06363,CC1(CCCCC1)C(=O)NC2=C(C(=C(C=C2)O)Cl)Cl,VDLGAVXLJYLFDH-UHFFFAOYSA-N
"iprodione;3-(3,5-dichlorophenyl)-2,4-dioxo-N-propan-2-ylimidazolidine-1-carboxamide",C13H13Cl2N3O3,329.03340,CC(C)NC(=O)N1CC(=O)N(C1=O)C2=CC(=CC(=C2)Cl)Cl,ONUFESLQCSAYKA-UHFFFAOYSA-N
"vinclozolin;3-(3,5-dichlorophenyl)-5-ethenyl-5-methyl-1,3-oxazolidine-2,4-dione",C12H9Cl2NO3,284.99595,CC1(C(=O)N(C(=O)O1)C2=CC(=CC(=C2)Cl)Cl)C=C,FSCWZHGZWWDELK-UHFFFAOYSA-N
"procymidone;3-(3,5-dichlorophenyl)-1,5-dimethyl-3-azabicyclo[3.1.0]hexane-2,4-dione",C13H11Cl2NO2,283.01668,CC12CC1(C(=O)N(C2=O)C3=CC(=CC(=C3)Cl)Cl)C,QXJKBPAVAHBARF-UHFFFAOYSA-N
"chlorothalonil;2,4,5,6-tetrachlorobenzene-1,3-dicarbonitrile",C8Cl4N2,263.88156,C(#N)C1=C(C(=C(C(=C1Cl)Cl)Cl)C#N)Cl,CRQQGFGUEAVUIL-UHFFFAOYSA-N
"captan;2-(trichloromethylsulfanyl)-3a,4,7,7a-tetrahydroisoindole-1,3-dione",C9H8Cl3NO2S,298.93413,C1C=CCC2C1C(=O)N(C2=O)SC(Cl)(Cl)Cl,LDVVMCZRFWMZSG-UHFFFAOYSA-N
"folpet;2-(trichloromethylsulfanyl)isoindole-1,3-dione",C9H4Cl3NO2S,294.90283,C1=CC=C2C(=C1)C(=O)N(C2=O)SC(Cl)(Cl)Cl,HKIOYBQGHSTUDB-UHFFFAOYSA-N
"thiram;dimethylcarbamothioylsulfanyl N,N-dimethylcarbamodithioate",C6H12N2S4,239.98833,CN(C)C(=S)SSC(=S)N(C)C,KUAZQDVKQLNFPE-UHFFFAOYSA-N
"cypermethrin;[cyano-(3-phenoxyphenyl)methyl] 3-(2,2-dichloroethenyl)-2,2-dimethylcyclopropane-1-carboxylate",C22H19Cl2NO3,415.07420,CC1(C(C1C(=O)OC(C#N)C2=CC(=CC=C2)OC3=CC=CC=C3)C=C(Cl)Cl)C,KAATUXNTWXVJKI-UHFFFAOYSA-N
"permethrin;(3-phenoxyphenyl)methyl 3-(2,2-dichloroethenyl)-2,2-dimethylcyclopropane-1-carboxylate",C21H20Cl2O3,390.07895,CC1(C(C1C(=O)OCC2=CC(=CC=C2)OC3=CC=CC=C3)C=C(Cl)Cl)C,RLLPVAHGXHCWKJ-UHFFFAOYSA-N
"deltamethrin;trans-[(S)-cyano-(3-phenoxyphenyl)methyl] (1R,3R)-3-(2,2-dibromoethenyl)-2,2-dimethylcyclopropane-1-carboxylate",C22H19Br2NO3,502.97317,CC1([C@H]([C@H]1C(=O)O[C@H](C#N)C2=CC(=CC=C2)OC3=CC=CC=C3)C=C(Br)Br)C,OWZREIFADZCYQD-NSHGMRRFSA-N
"cyfluthrin;[cyano-(4-fluoro-3-phenoxyphenyl)methyl] 3-(2,2-dichloroethenyl)-2,2-dimethylcyclopropane-1-carboxylate",C22H18Cl2FNO3,433.06478,CC1(C(C1C(=O)OC(C#N)C2=CC(=C(C=C2)F)OC3=CC=CC=C3)C=C(Cl)Cl)C,QQODLKZGRKWIFG-UHFFFAOYSA-N
"lambda-cyhalothrin;CYHALOTHRIN;[cyano-(3-phenoxyphenyl)methyl] 3-[(Z)-2-chloro-3,3,3-trifluoroprop-1-enyl]-2,2-dimethylcyclopropane-1-carboxylate",C23H19ClF3NO3,449.10056,CC1(C(C1C(=O)OC(C#N)C2=CC(=CC=C2)OC3=CC=CC=C3)/C=C(/C(F)(F)F)\Cl)C,ZXQYGBMAQZUVMI-UNOMPAQXSA-N
fenvalerate;[cyano-(3-phenoxyphenyl)methyl] 2-(4-chlorophenyl)-3-methylbutanoate,C25H22ClNO3,419.12882,CC(C)C(C1=CC=C(C=C1)Cl)C(=O)OC(C#N)C2=CC(=CC=C2)OC3=CC=CC=C3,NYPJDWWKZLNGGM-UHFFFAOYSA-N
"bifenthrin;trans-(2-methyl-3-phenylphenyl)methyl (1R,3R)-3-[(Z)-2-chloro-3,3,3-trifluoroprop-1-enyl]-2,2-dimethylcyclopropane-1-carboxylate",C23H22ClF3O2,422.12604,CC1=C(C=CC=C1C2=CC=CC=C2)COC(=O)[C@@H]3[C@@H](C3(C)C)/C=C(/C(F)(F)F)\Cl,OMFRMAHOUUJSGP-IRHGGOMRSA-N
"DEET;N,N-diethyl-meta-toluamide;Diethyltoluamide;N,N-diethyl-3-methylbenzamide",C12H17NO,191.13101,CCN(CC)C(=O)C1=CC=CC(=C1)C,MMOXZBCLCQITDF-UHFFFAOYSA-N
"piperonyl butoxide;5-[2-(2-butoxyethoxy)ethoxymethyl]-6-propyl-1,3-benzodioxole",C19H30O5,338.20932,CCCCOCCOCCOCC1=CC2=C(C=C1CCC)OCO2,FIPWRIJSWJWJAI-UHFFFAOYSA-N
"rotenone;(1S,6R,13S)-16,17-dimethoxy-6-prop-1-en-2-yl-2,7,20-trioxapentacyclo[11.8.0.03,11.04,8.014,19]henicosa-3(11),4(8),9,14,16,18-hexaen-12-one",C23H22O6,394.14164,CC(=C)[C@H]1CC2=C(O1)C=CC3=C2O[C@@H]4COC5=CC(=C(C=C5[C@@H]4C3=O)OC)OC,JUVIOZPCNVVQFO-HBGVWJBISA-N
chlorantraniliprole;3-bromo-N-[4-chloro-2-methyl-6-(methylcarbamoyl)phenyl]-1-(3-chloro-2-pyridinyl)pyrazole-5-carboxamide,C18H14BrCl2N5O2,480.97079,CC1=CC(=CC(=C1NC(=O)C2=CC(=NN2C3=C(C=CC=N3)Cl)Br)C(=O)NC)Cl,PSOVNZZNOMJUBI-UHFFFAOYSA-N
"indoxacarb;methyl (4aS)-7-chloro-2-[methoxycarbonyl-[4-(trifluoromethoxy)phenyl]carbamoyl]-3,5-dihydroindeno[1,2-e][1,3,4]oxadiazine-4a-carboxylate",C22H17ClF3N3O7,527.07071,COC(=O)[C@]12CC3=C(C1=NN(CO2)C(=O)N(C4=CC=C(C=C4)OC(F)(F)F)C(=O)OC)C=CC(=C3)Cl,VBCVPMMZEGZULK-NRFANRHFSA-N
"tebufenozide;N-tert-butyl-N'-(4-ethylbenzoyl)-3,5-dimethylbenzohydrazide",C22H28N2O2,352.21508,CCC1=CC=C(C=C1)C(=O)NN(C(=O)C2=CC(=CC(=C2)C)C)C(C)(C)C,QYPNKSZPJQQLRK-UHFFFAOYSA-N
"methoxyfenozide;N'-tert-butyl-N'-(3,5-dimethylbenzoyl)-3-methoxy-2-methylbenzohydrazide",C22H28N2O3,368.20999,CC1=CC(=CC(=C1)C(=O)N(C(C)(C)C)NC(=O)C2=C(C(=CC=C2)OC)C)C,QCAWEPFNJXQPAN-UHFFFAOYSA-N
"diflubenzuron;N-[(4-chlorophenyl)carbamoyl]-2,6-difluorobenzamide",C14H9ClF2N2O2,310.03206,C1=CC(=C(C(=C1)F)C(=O)NC(=O)NC2=CC=C(C=C2)Cl)F,QQQYTWIFVNKMRW-UHFFFAOYSA-N
"hexythiazox;(4S,5S)-5-(4-chlorophenyl)-N-cyclohexyl-4-methyl-2-oxo-1,3-thiazolidine-3-carboxamide",C17H21ClN2O2S,352.10123,C[C@H]1[C@@H](SC(=O)N1C(=O)NC2CCCCC2)C3=CC=C(C=C3)Cl,XGWIJUOSCAQSSV-XHDPSFHLSA-N
"fenpyroximate;tert-butyl 4-[[(E)-(1,3-dimethyl-5-phenoxypyrazol-4-yl)methylideneamino]oxymethyl]benzoate",C24H27N3O4,421.20016,CC1=NN(C(=C1/C=N/OCC2=CC=C(C=C2)C(=O)OC(C)(C)C)OC3=CC=CC=C3)C,YYJNOYZRYGDPNH-MFKUBSTISA-N
pyridaben;2-tert-butyl-5-[(4-tert-butylphenyl)methylsulfanyl]-4-chloropyridazin-3-one,C19H25ClN2OS,364.13761,CC(C)(C)C1=CC=C(C=C1)CSC2=C(C(=O)N(N=C2)C(C)(C)C)Cl,DWFZBUWUXWZWKD-UHFFFAOYSA-N
tebufenpyrad;N-[(4-tert-butylphenyl)methyl]-4-chloro-3-ethyl-1-methylpyrazole-5-carboxamide,C18H24ClN3O,333.16079,CCC1=NN(C(=C1Cl)C(=O)NCC2=CC=C(C=C2)C(C)(C)C)C,ZZYSLNWGKKDOML-UHFFFAOYSA-N
paraquat;1-methyl-4-(1-methylpyridin-1-ium-4-yl)pyridin-1-ium,C12H14N2,186.11570,C[N+]1=CC=C(C=C1)C2=CC=[N+](C=C2)C,INFDPOAKFNIJBF-UHFFFAOYSA-N
"diquat;7,10-diazoniatricyclo[8.4.0.02,7]tetradeca-1(14),2,4,6,10,12-hexaene",C12H12N2,184.10005,C1C[N+]2=CC=CC=C2C3=CC=CC=[N+]31,SYJFEGQWDCRVNX-UHFFFAOYSA-N
"trifluralin;2,6-dinitro-N,N-dipropyl-4-(trifluoromethyl)aniline",C13H16F3N3O4,335.10929,CCCN(CCC)C1=C(C=C(C=C1[N+](=O)[O-])C(F)(F)F)[N+](=O)[O-],ZSDSQXJSNMTJDA-UHFFFAOYSA-N
"pendimethalin;3,4-dimethyl-2,6-dinitro-N-pentan-3-ylaniline",C13H19N3O4,281.13756,CCC(CC)NC1=C(C=C(C(=C1[N+](=O)[O-])C)C)[N+](=O)[O-],CHIFOSRWCNZCFN-UHFFFAOYSA-N
"oxadiazon;5-tert-butyl-3-(2,4-dichloro-5-propan-2-yloxyphenyl)-1,3,4-oxadiazol-2-one",C15H18Cl2N2O3,344.06945,CC(C)OC1=C(C=C(C(=C1)N2C(=O)OC(=N2)C(C)(C)C)Cl)Cl,CHNUNORXWHYHNE-UHFFFAOYSA-N
oxyfluorfen;2-chloro-1-(3-ethoxy-4-nitrophenoxy)-4-(trifluoromethyl)benzene,C15H11ClF3NO4,361.03287,CCOC1=C(C=CC(=C1)OC2=C(C=C(C=C2)C(F)(F)F)Cl)[N+](=O)[O-],OQMBBFQZGJFLBU-UHFFFAOYSA-N
"flufenacet;N-(4-fluorophenyl)-N-propan-2-yl-2-[[5-(trifluoromethyl)-1,3,4-thiadiazol-2-yl]oxy]acetamide",C14H13F4N3O2S,363.06646,CC(C)N(C1=CC=C(C=C1)F)C(=O)COC2=NN=C(S2)C(F)(F)F,IANUJLZYFUDJIH-UHFFFAOYSA-N
"mesotrione;2-(4-methylsulfonyl-2-nitrobenzoyl)cyclohexane-1,3-dione",C14H13NO7S,339.04127,CS(=O)(=O)C1=CC(=C(C=C1)C(=O)C2C(=O)CCCC2=O)[N+](=O)[O-],KPUREKXXPHOJQT-UHFFFAOYSA-N
"sulcotrione;2-(2-chloro-4-methylsulfonylbenzoyl)cyclohexane-1,3-dione",C14H13ClO5S,328.01722,CS(=O)(=O)C1=CC(=C(C=C1)C(=O)C2C(=O)CCCC2=O)Cl,PQTBTIFWAXVEPB-UHFFFAOYSA-N
"nicosulfuron;2-[(4,6-dimethoxypyrimidin-2-yl)carbamoylsulfamoyl]-N,N-dimethylpyridine-3-carboxamide",C15H18N6O6S,410.10085,CN(C)C(=O)C1=C(N=CC=C1)S(=O)(=O)NC(=O)NC2=NC(=CC(=N2)OC)OC,RTCOGUMHFFWOJV-UHFFFAOYSA-N
"metsulfuron-methyl;methyl 2-[(4-methoxy-6-methyl-1,3,5-triazin-2-yl)carbamoylsulfamoyl]benzoate",C14H15N5O6S,381.07430,CC1=NC(=NC(=N1)OC)NC(=O)NS(=O)(=O)C2=CC=CC=C2C(=O)OC,RSMUVYRMZCOLBH-UHFFFAOYSA-N
"tribenuron-methyl;methyl 2-[[(4-methoxy-6-methyl-1,3,5-triazin-2-yl)-methylcarbamoyl]sulfamoyl]benzoate",C15H17N5O6S,395.08995,CC1=NC(=NC(=N1)OC)N(C)C(=O)NS(=O)(=O)C2=CC=CC=C2C(=O)OC,VLCQZHSMCYCDJL-UHFFFAOYSA-N
"chlorsulfuron;1-(2-chlorophenyl)sulfonyl-3-(4-methoxy-6-methyl-1,3,5-triazin-2-yl)urea",C12H12ClN5O4S,357.02985,CC1=NC(=NC(=N1)OC)NC(=O)NS(=O)(=O)C2=CC=CC=C2Cl,VJYIFXVZLXQVHO-UHFFFAOYSA-N
"rimsulfuron;1-(4,6-dimethoxypyrimidin-2-yl)-3-[(3-ethylsulfonyl-2-pyridinyl)sulfonyl]urea",C14H17N5O7S2,431.05694,CCS(=O)(=O)C1=C(N=CC=C1)S(=O)(=O)NC(=O)NC2=NC(=CC(=N2)OC)OC,MEFOUWRMVYJCQC-UHFFFAOYSA-N
"foramsulfuron;2-[(4,6-dimethoxypyrimidin-2-yl)carbamoylsulfamoyl]-4-formamido-N,N-dimethylbenzamide",C17H20N6O7S,452.11142,CN(C)C(=O)C1=C(C=C(C=C1)NC=O)S(=O)(=O)NC(=O)NC2=NC(=CC(=N2)OC)OC,PXDNXJSDGQBLKS-UHFFFAOYSA-N
imazapyr;2-(4-methyl-5-oxo-4-propan-2-yl-1H-imidazol-2-yl)pyridine-3-carboxylic acid,C13H15N3O3,261.11134,CC(C)C1(C(=O)NC(=N1)C2=C(C=CC=N2)C(=O)O)C,CLQMBPJKHLGMQK-UHFFFAOYSA-N
imazethapyr;5-ethyl-2-(4-methyl-5-oxo-4-propan-2-yl-1H-imidazol-2-yl)pyridine-3-carboxylic acid,C15H19N3O3,289.14264,CCC1=CC(=C(N=C1)C2=NC(C(=O)N2)(C)C(C)C)C(=O)O,XVOKUMIPKHGGTN-UHFFFAOYSA-N
"clomazone;2-[(2-chlorophenyl)methyl]-4,4-dimethyl-1,2-oxazolidin-3-one",C12H14ClNO2,239.07131,CC1(CON(C1=O)CC2=CC=CC=C2Cl)C,KIEDNEWSYUYDSN-UHFFFAOYSA-N
"quinclorac;3,7-dichloroquinoline-8-carboxylic acid",C10H5Cl2NO2,240.96973,C1=CC(=C(C2=NC=C(C=C21)Cl)C(=O)O)Cl,FFSSWMQPCJRCRV-UHFFFAOYSA-N
"propanil;N-(3,4-dichlorophenyl)propanamide",C9H9Cl2NO,217.00612,CCC(=O)NC1=CC(=C(C=C1)Cl)Cl,LFULEKSKNZEWOE-UHFFFAOYSA-N
molinate;S-ethyl azepane-1-carbothioate,C9H17NOS,187.10309,CCSC(=O)N1CCCCCC1,DEDOPGXGGQYYMW-UHFFFAOYSA-N
"thiobencarb;S-[(4-chlorophenyl)methyl] N,N-diethylcarbamothioate",C12H16ClNOS,257.06411,CCN(CC)C(=O)SCC1=CC=C(C=C1)Cl,QHTQREMOGMZHJV-UHFFFAOYSA-N
"terbacil;3-tert-butyl-5-chloro-6-methyl-1H-pyrimidine-2,4-dione",C9H13ClN2O2,216.06656,CC1=C(C(=O)N(C(=O)N1)C(C)(C)C)Cl,NBQCNZYJJMBDKY-UHFFFAOYSA-N
"bromacil;5-bromo-3-butan-2-yl-6-methyl-1H-pyrimidine-2,4-dione",C9H13BrN2O2,260.01604,CCC(C)N1C(=O)C(=C(NC1=O)C)Br,CTSLUCNDVMMDHG-UHFFFAOYSA-N
"hexazinone;3-cyclohexyl-6-(dimethylamino)-1-methyl-1,3,5-triazine-2,4-dione",C12H20N4O2,252.15863,CN1C(=NC(=O)N(C1=O)C2CCCCC2)N(C)C,CAWXEEYDBZRFPE-UHFFFAOYSA-N
"metamitron;4-amino-3-methyl-6-phenyl-1,2,4-triazin-5-one",C10H10N4O,202.08546,CC1=NN=C(C(=O)N1N)C2=CC=CC=C2,VHCNQEUWZYOAEV-UHFFFAOYSA-N
chloridazon;5-amino-4-chloro-2-phenylpyridazin-3-one,C10H8ClN3O,221.03559,C1=CC=C(C=C1)N2C(=O)C(=C(C=N2)N)Cl,WYKYKTKDBLFHCY-UHFFFAOYSA-N
"lenacil;3-cyclohexyl-1,5,6,7-tetrahydrocyclopenta[d]pyrimidine-2,4-dione",C13H18N2O2,234.13683,C1CCC(CC1)N2C(=O)C3=C(CCC3)NC2=O,ZTMKADLOSYKWCA-UHFFFAOYSA-N
"DDT;1-Chloro-4-[2,2,2-trichloro-1-(4-chlorophenyl)ethyl]benzene",C14H9Cl5,351.91469,C1=CC(=CC=C1C(C2=CC=C(C=C2)Cl)C(Cl)(Cl)Cl)Cl,YVGGHNCTFXOJCH-UHFFFAOYSA-N
"DDE;p,p'-DDE;1-chloro-4-[2,2-dichloro-1-(4-chlorophenyl)ethenyl]benzene",C14H8Cl4,315.93801,C1=CC(=CC=C1C(=C(Cl)Cl)C2=CC=C(C=C2)Cl)Cl,UCNVFOCBFJOQAL-UHFFFAOYSA-N
"lindane;1,2,3,4,5,6-Hexachlorocyclohexane",C6H6Cl6,287.86007,C1(C(C(C(C(C1Cl)Cl)Cl)Cl)Cl)Cl,JLYXXMFPNIAWKQ-UHFFFAOYSA-N
"dieldrin;(1R,2S,3S,6R,7R,8S,9S,11R)-3,4,5,6,13,13-hexachloro-10-oxapentacyclo[6.3.1.13,6.02,7.09,11]tridec-4-ene",C12H8Cl6O,377.87063,C1[C@@H]2[C@H]3[C@@H]([C@H]1[C@H]4[C@@H]2O4)[C@]5(C(=C([C@@]3(C5(Cl)Cl)Cl)Cl)Cl)Cl,DFBKLUNHFCTMDC-PICURKEMSA-N
"aldrin;(1S,2S,3S,6R,7R,8R)-1,8,9,10,11,11-hexachlorotetracyclo[6.2.1.13,6.02,7]dodeca-4,9-diene",C12H8Cl6,361.87572,C1[C@@H]2C=C[C@H]1[C@H]3[C@@H]2[C@]4(C(=C([C@@]3(C4(Cl)Cl)Cl)Cl)Cl)Cl,QBYJBZPUGVGKQQ-SJJAEHHWSA-N
"endosulfan;1,9,10,11,12,12-hexachloro-4,6-dioxa-5lambda4-thiatricyclo[7.2.1.02,8]dodec-10-ene 5-oxide",C9H6Cl6O3S,403.81688,C1C2C(COS(=O)O1)C3(C(=C(C2(C3(Cl)Cl)Cl)Cl)Cl)Cl,RDYMFSUJUZBWLH-UHFFFAOYSA-N
"heptachlor;1,5,7,8,9,10,10-heptachlorotricyclo[5.2.1.02,6]deca-3,8-diene",C10H5Cl7,369.82109,C1=CC(C2C1C3(C(=C(C2(C3(Cl)Cl)Cl)Cl)Cl)Cl)Cl,FRCCEHPWNOQAEU-UHFFFAOYSA-N
"hexachlorobenzene;1,2,3,4,5,6-hexachlorobenzene",C6Cl6,281.81312,C1(=C(C(=C(C(=C1Cl)Cl)Cl)Cl)Cl)Cl,CKAPSXZOOQJIBF-UHFFFAOYSA-N
"pentachlorophenol;2,3,4,5,6-pentachlorophenol",C6HCl5O,263.84700,C1(=C(C(=C(C(=C1Cl)Cl)Cl)Cl)Cl)O,IZUPBVBPLAPZRR-UHFFFAOYSA-N
bisphenol A;4-[2-(4-hydroxyphenyl)propan-2-yl]phenol,C15H16O2,228.11503,CC(C)(C1=CC=C(C=C1)O)C2=CC=C(C=C2)O,IISBACLAFKSPIT-UHFFFAOYSA-N
"bisphenol S;4,4'-Sulfonyldiphenol;4-(4-hydroxyphenyl)sulfonylphenol",C12H10O4S,250.02998,C1=CC(=CC=C1O)S(=O)(=O)C2=CC=C(C=C2)O,VPWNQTHUCYMVMZ-UHFFFAOYSA-N
bisphenol B;4-[2-(4-hydroxyphenyl)butan-2-yl]phenol,C16H18O2,242.13068,CCC(C)(C1=CC=C(C=C1)O)C2=CC=C(C=C2)O,HTVITOHKHWFJKO-UHFFFAOYSA-N
4-nonylphenol,C15H24O,220.18272,CCCCCCCCCC1=CC=C(C=C1)O,IGFHQQFPSIBGKE-UHFFFAOYSA-N
"4-tert-octylphenol;4-(2,4,4-trimethylpentan-2-yl)phenol",C14H22O,206.16707,CC(C)(C)CC(C)(C)C1=CC=C(C=C1)O,ISAVYTVYFVQUDY-UHFFFAOYSA-N
4-tert-butylphenol,C10H14O,150.10447,CC(C)(C)C1=CC=C(C=C1)O,QHPQWRBYOIRBIT-UHFFFAOYSA-N
phthalic acid,C8H6O4,166.02661,C1=CC=C(C(=C1)C(=O)O)C(=O)O,XNGIFLGASWRNHJ-UHFFFAOYSA-N
"dimethyl phthalate;dimethyl benzene-1,2-dicarboxylate",C10H10O4,194.05791,COC(=O)C1=CC=CC=C1C(=O)OC,NIQCNGHVCWTJSM-UHFFFAOYSA-N
"diethyl phthalate;diethyl benzene-1,2-dicarboxylate",C12H14O4,222.08921,CCOC(=O)C1=CC=CC=C1C(=O)OCC,FLKPEMZONWLCSK-UHFFFAOYSA-N
"dibutyl phthalate;dibutyl benzene-1,2-dicarboxylate",C16H22O4,278.15181,CCCCOC(=O)C1=CC=CC=C1C(=O)OCCCC,DOIRQSBPFJWKBE-UHFFFAOYSA-N
"benzyl butyl phthalate;2-O-benzyl 1-O-butyl benzene-1,2-dicarboxylate",C19H20O4,312.13616,CCCCOC(=O)C1=CC=CC=C1C(=O)OCC2=CC=CC=C2,IRIAEXORFWYRCZ-UHFFFAOYSA-N
"bis(2-ethylhexyl) phthalate;bis(2-ethylhexyl) benzene-1,2-dicarboxylate",C24H38O4,390.27701,CCCCC(CC)COC(=O)C1=CC=CC=C1C(=O)OCC(CC)CCCC,BJQHLKABXJIVAM-UHFFFAOYSA-N
"di-n-octyl phthalate;Dioctyl phthalate;dioctyl benzene-1,2-dicarboxylate",C24H38O4,390.27701,CCCCCCCCOC(=O)C1=CC=CC=C1C(=O)OCCCCCCCC,MQIUGAXCHLFZKX-UHFFFAOYSA-N
"diisononyl phthalate;bis(7-methyloctyl) benzene-1,2-dicarboxylate",C26H42O4,418.30831,CC(C)CCCCCCOC(=O)C1=CC=CC=C1C(=O)OCCCCCCC(C)C,HBGGXOJOCNVPFY-UHFFFAOYSA-N
bis(2-ethylhexyl) adipate;bis(2-ethylhexyl) hexanedioate,C22H42O4,370.30831,CCCCC(CC)COC(=O)CCCCC(=O)OCC(CC)CCCC,SAOKZLXYCUGLFA-UHFFFAOYSA-N
"acetyl tributyl citrate;tributyl 2-acetyloxypropane-1,2,3-tricarboxylate",C20H34O8,402.22537,CCCCOC(=O)CC(CC(=O)OCCCC)(C(=O)OCCCC)OC(=O)C,QZCLKYGREBVARF-UHFFFAOYSA-N
triphenyl phosphate,C18H15O4P,326.07080,C1=CC=C(C=C1)OP(=O)(OC2=CC=CC=C2)OC3=CC=CC=C3,XZZNDPSIHUTMOC-UHFFFAOYSA-N
tributyl phosphate,C12H27O4P,266.16470,CCCCOP(=O)(OCCCC)OCCCC,STCOOQWBFONSKY-UHFFFAOYSA-N
tris(2-chloroethyl) phosphate,C6H12Cl3O4P,283.95388,C(CCl)OP(=O)(OCCCl)OCCCl,HQUQLFOMPYWACS-UHFFFAOYSA-N
tris(1-chloro-2-propyl) phosphate;Tris(2-chloropropyl) phosphate,C9H18Cl3O4P,326.00083,CC(COP(=O)(OCC(C)Cl)OCC(C)Cl)Cl,GTRSAMFYSUBAGN-UHFFFAOYSA-N
"tris(1,3-dichloro-2-propyl) phosphate;13674-87-8;tris(1,3-dichloropropan-2-yl) phosphate",C9H15Cl6O4P,427.88391,C(C(CCl)OP(=O)(OC(CCl)CCl)OC(CCl)CCl)Cl,ASLWPAWFJZFCKF-UHFFFAOYSA-N
tris(2-butoxyethyl) phosphate,C18H39O7P,398.24334,CCCCOCCOP(=O)(OCCOCCCC)OCCOCCCC,WTLBZVNBAKMVDP-UHFFFAOYSA-N
tricresyl phosphate;Tri-o-tolyl phosphate;tris(2-methylphenyl) phosphate,C21H21O4P,368.11775,CC1=CC=CC=C1OP(=O)(OC2=CC=CC=C2C)OC3=CC=CC=C3C,YSMRWXYRXBRSND-UHFFFAOYSA-N
triethyl phosphate,C6H15O4P,182.07080,CCOP(=O)(OCC)OCC,DQWPFSLDHJDLRL-UHFFFAOYSA-N
tris(2-ethylhexyl) phosphate,C24H51O4P,434.35250,CCCCC(CC)COP(=O)(OCC(CC)CCCC)OCC(CC)CCCC,GTVWRXDRKAHEAD-UHFFFAOYSA-N
"tetrabromobisphenol A;2,6-dibromo-4-[2-(3,5-dibromo-4-hydroxyphenyl)propan-2-yl]phenol",C15H12Br4O2,539.75708,CC(C)(C1=CC(=C(C(=C1)Br)O)Br)C2=CC(=C(C(=C2)Br)O)Br,VEORPZCZECFIRK-UHFFFAOYSA-N
"hexabromocyclododecane;1,2,5,6,9,10-HEXABROMOCYCLODODECANE",C12H18Br6,635.65088,C1CC(C(CCC(C(CCC(C1Br)Br)Br)Br)Br)Br,DEIGXXQKDWULML-UHFFFAOYSA-N
"2,2',4,4'-tetrabromodiphenyl ether;5436-43-1;2,4-dibromo-1-(2,4-dibromophenoxy)benzene",C12H6Br4O,481.71522,C1=CC(=C(C=C1Br)Br)OC2=C(C=C(C=C2)Br)Br,XYBSIYMGXVUVGY-UHFFFAOYSA-N
benzotriazole;1H-benzotriazole;2H-benzotriazole,C6H5N3,119.04835,C1=CC2=NNN=C2C=C1,QRUDEWIWKLJBPS-UHFFFAOYSA-N
5-methylbenzotriazole;tolyltriazole;29878-31-7;4-methyl-2H-benzotriazole,C7H7N3,133.06400,CC1=CC=CC2=NNN=C12,CMGDVUCDZOBDNL-UHFFFAOYSA-N
"2-mercaptobenzothiazole;3H-1,3-benzothiazole-2-thione",C7H5NS2,166.98634,C1=CC=C2C(=C1)NC(=S)S2,YXIWHUQXZSMYRE-UHFFFAOYSA-N
"benzothiazole;1,3-benzothiazole",C7H5NS,135.01427,C1=CC=C2C(=C1)N=CS2,IOJUPLGTWVMSFF-UHFFFAOYSA-N
"1,3-diphenylguanidine;1,2-diphenylguanidine",C13H13N3,211.11095,C1=CC=C(C=C1)NC(=NC2=CC=CC=C2)N,OWRCNXZUPFZXOS-UHFFFAOYSA-N
2-ethylhexyl 4-methoxycinnamate;octinoxate;2-ethylhexyl (E)-3-(4-methoxyphenyl)prop-2-enoate,C18H26O3,290.18819,CCCCC(CC)COC(=O)/C=C/C1=CC=C(C=C1)OC,YBGZDTIWKVFICR-JLHYYAGUSA-N
oxybenzone;benzophenone-3;(2-hydroxy-4-methoxyphenyl)-phenylmethanone,C14H12O3,228.07864,COC1=CC(=C(C=C1)C(=O)C2=CC=CC=C2)O,DXGLGDHPHMLXJC-UHFFFAOYSA-N
"octocrylene;2-ethylhexyl 2-cyano-3,3-diphenylprop-2-enoate",C24H27NO2,361.20418,CCCCC(CC)COC(=O)C(=C(C1=CC=CC=C1)C2=CC=CC=C2)C#N,FMJSMJQBSVNSBF-UHFFFAOYSA-N
"avobenzone;1-(4-tert-butylphenyl)-3-(4-methoxyphenyl)propane-1,3-dione",C20H22O3,310.15689,CC(C)(C)C1=CC=C(C=C1)C(=O)CC(=O)C2=CC=C(C=C2)OC,XNEFYCZVKIDDMS-UHFFFAOYSA-N
"4-methylbenzylidene camphor;Enzacamene;(3E)-1,7,7-trimethyl-3-[(4-methylphenyl)methylidene]bicyclo[2.2.1]heptan-2-one",C18H22O,254.16707,CC1=CC=C(C=C1)/C=C/2\C3CCC(C2=O)(C3(C)C)C,HEOCBCNFKCOKBX-SDNWHVSQSA-N
"homosalate;(3,3,5-trimethylcyclohexyl) 2-hydroxybenzoate",C16H22O3,262.15689,CC1CC(CC(C1)(C)C)OC(=O)C2=CC=CC=C2O,WSSJONWNBBTCMG-UHFFFAOYSA-N
2-phenylbenzimidazole-5-sulfonic acid;Ensulizole;2-phenyl-3H-benzimidazole-5-sulfonic acid,C13H10N2O3S,274.04121,C1=CC=C(C=C1)C2=NC3=C(N2)C=C(C=C3)S(=O)(=O)O,UVCJGUGAGLDPAA-UHFFFAOYSA-N
benzophenone;diphenylmethanone,C13H10O,182.07316,C1=CC=C(C=C1)C(=O)C2=CC=CC=C2,RWCCWEUUXYIKHB-UHFFFAOYSA-N
4-hydroxybenzophenone;(4-hydroxyphenyl)-phenylmethanone,C13H10O2,198.06808,C1=CC=C(C=C1)C(=O)C2=CC=C(C=C2)O,NPFYZDNDJHZQKY-UHFFFAOYSA-N
methylparaben;methyl 4-hydroxybenzoate,C8H8O3,152.04734,COC(=O)C1=CC=C(C=C1)O,LXCFILQKKLGQFO-UHFFFAOYSA-N
ethylparaben;ethyl 4-hydroxybenzoate,C9H10O3,166.06299,CCOC(=O)C1=CC=C(C=C1)O,NUVBSKCKDOMJSU-UHFFFAOYSA-N
propylparaben;propyl 4-hydroxybenzoate,C10H12O3,180.07864,CCCOC(=O)C1=CC=C(C=C1)O,QELSKZZBTMNZEB-UHFFFAOYSA-N
butylparaben;butyl 4-hydroxybenzoate,C11H14O3,194.09429,CCCCOC(=O)C1=CC=C(C=C1)O,QFOHBWFCKVYLES-UHFFFAOYSA-N
"triclosan;5-chloro-2-(2,4-dichlorophenoxy)phenol",C12H7Cl3O2,287.95116,C1=CC(=C(C=C1Cl)O)OC2=C(C=C(C=C2)Cl)Cl,XEFQLINVKFYRCS-UHFFFAOYSA-N
"triclocarban;1-(4-chlorophenyl)-3-(3,4-dichlorophenyl)urea",C13H9Cl3N2O,313.97805,C1=CC(=CC=C1NC(=O)NC2=CC(=C(C=C2)Cl)Cl)Cl,ICUTUKXCWQYESQ-UHFFFAOYSA-N
chlorophene;2-Benzyl-4-chlorophenol,C13H11ClO,218.04984,C1=CC=C(C=C1)CC2=C(C=CC(=C2)Cl)O,NCKMMSIFQUPKCK-UHFFFAOYSA-N
"hexachlorophene;3,4,6-trichloro-2-[(2,3,5-trichloro-6-hydroxyphenyl)methyl]phenol",C13H6Cl6O2,403.84990,C1=C(C(=C(C(=C1Cl)Cl)CC2=C(C(=CC(=C2Cl)Cl)Cl)O)O)Cl,ACGUYXCXAPNIKK-UHFFFAOYSA-N
chlorhexidine;(1E)-2-[6-[[amino-[(E)-[amino-(4-chloroanilino)methylidene]amino]methylidene]amino]hexyl]-1-[amino-(4-chloroanilino)methylidene]guanidine,C22H30Cl2N10,504.20320,C1=CC(=CC=C1N/C(=N/C(=NCCCCCCN=C(/N=C(/NC2=CC=C(C=C2)Cl)\N)N)N)/N)Cl,GHXZTYHSJHQHIJ-UHFFFAOYSA-N
"butylated hydroxytoluene;2,6-Di-tert-butyl-4-methylphenol;2,6-ditert-butyl-4-methylphenol",C15H24O,220.18272,CC1=CC(=C(C(=C1)C(C)(C)C)O)C(C)(C)C,NLZUEZXRPGMBCV-UHFFFAOYSA-N
butylated hydroxyanisole;25013-16-5;2-tert-butyl-4-methoxyphenol,C11H16O2,180.11503,CC(C)(C)C1=C(C=CC(=C1)OC)O,MRBKEAMVRSLQPH-UHFFFAOYSA-N
"2,4-di-tert-butylphenol;2,4-ditert-butylphenol",C14H22O,206.16707,CC(C)(C)C1=CC(=C(C=C1)O)C(C)(C)C,ICKWICRCANNIBI-UHFFFAOYSA-N
bisphenol A diglycidyl ether;2-[[4-[2-[4-(oxiran-2-ylmethoxy)phenyl]propan-2-yl]phenoxy]methyl]oxirane,C21H24O4,340.16746,CC(C)(C1=CC=C(C=C1)OCC2CO2)C3=CC=C(C=C3)OCC4CO4,LCFVJGUPQDGYKZ-UHFFFAOYSA-N
"melamine;1,3,5-triazine-2,4,6-triamine",C3H6N6,126.06539,C1(=NC(=NC(=N1)N)N)N,JDSHMPZPIAZGSV-UHFFFAOYSA-N
"cyanuric acid;1,3,5-triazinane-2,4,6-trione",C3H3N3O3,129.01744,C1(=O)NC(=O)NC(=O)N1,ZFSLODLOARCGLH-UHFFFAOYSA-N
caprolactam;azepan-2-one,C6H11NO,113.08406,C1CCC(=O)NCC1,JBKVHLHDHHXQEQ-UHFFFAOYSA-N
dicyclohexylamine;N-cyclohexylcyclohexanamine,C12H23N,181.18305,C1CCC(CC1)NC2CCCCC2,XBPCUCUWBYBCDP-UHFFFAOYSA-N
urea,CH4N2O,60.03236,C(=O)(N)N,XSQUKJJJFZCRTK-UHFFFAOYSA-N
formaldehyde,CH2O,30.01056,C=O,WSFSSNUMVMOOMR-UHFFFAOYSA-N
acrylamide;prop-2-enamide,C3H5NO,71.03711,C=CC(=O)N,HRPVXLWXLXDGHG-UHFFFAOYSA-N
aniline,C6H7N,93.05785,C1=CC=C(C=C1)N,PAYRUJLWNCNPSJ-UHFFFAOYSA-N
4-chloroaniline,C6H6ClN,127.01888,C1=CC(=CC=C1N)Cl,QSNSCYSYFYORTR-UHFFFAOYSA-N
"3,4-dichloroaniline",C6H5Cl2N,160.97990,C1=CC(=C(C=C1N)Cl)Cl,SDYWXFYBZPNOFX-UHFFFAOYSA-N
nitrobenzene,C6H5NO2,123.03203,C1=CC=C(C=C1)[N+](=O)[O-],LQNUZADURLCDLV-UHFFFAOYSA-N
"2,4-dinitrotoluene;1-methyl-2,4-dinitrobenzene",C7H6N2O4,182.03276,CC1=C(C=C(C=C1)[N+](=O)[O-])[N+](=O)[O-],RMBFBMJGBANMMK-UHFFFAOYSA-N
"2,4,6-trinitrotoluene;2-methyl-1,3,5-trinitrobenzene",C7H5N3O6,227.01783,CC1=C(C=C(C=C1[N+](=O)[O-])[N+](=O)[O-])[N+](=O)[O-],SPSSULHKWOKEEL-UHFFFAOYSA-N
"nitroglycerin;1,3-dinitrooxypropan-2-yl nitrate",C3H5N3O9,227.00258,C(C(CO[N+](=O)[O-])O[N+](=O)[O-])O[N+](=O)[O-],SNIOPGDIGTZGOP-UHFFFAOYSA-N
phenol,C6H6O,94.04186,C1=CC=C(C=C1)O,ISWSIDIOOBJBQZ-UHFFFAOYSA-N
"catechol;pyrocatechol;benzene-1,2-diol",C6H6O2,110.03678,C1=CC=C(C(=C1)O)O,YCIMNLLNPGFGHC-UHFFFAOYSA-N
"hydroquinone;benzene-1,4-diol",C6H6O2,110.03678,C1=CC(=CC=C1O)O,QIGBRXMKCJKVMJ-UHFFFAOYSA-N
"resorcinol;benzene-1,3-diol",C6H6O2,110.03678,C1=CC(=CC(=C1)O)O,GHMLBKRAJCXXBS-UHFFFAOYSA-N
benzoic acid,C7H6O2,122.03678,C1=CC=C(C=C1)C(=O)O,WPYMKLBDIGXBTP-UHFFFAOYSA-N
salicylic acid;2-hydroxybenzoic acid,C7H6O3,138.03169,C1=CC=C(C(=C1)C(=O)O)O,YGSDEFSMJLZEOE-UHFFFAOYSA-N
"phthalimide;isoindole-1,3-dione",C8H5NO2,147.03203,C1=CC=C2C(=C1)C(=O)NC2=O,XKJCHHZQLQNZHY-UHFFFAOYSA-N
naphthalene,C10H8,128.06260,C1=CC=C2C=CC=CC2=C1,UFWIBTONFRDIAS-UHFFFAOYSA-N
phenanthrene,C14H10,178.07825,C1=CC=C2C(=C1)C=CC3=CC=CC=C32,YNPNZTXNASCQKK-UHFFFAOYSA-N
anthracene,C14H10,178.07825,C1=CC=C2C=C3C=CC=CC3=CC2=C1,MWPLVEDNUUSJAV-UHFFFAOYSA-N
fluoranthene,C16H10,202.07825,C1=CC=C2C(=C1)C3=CC=CC4=C3C2=CC=C4,GVEPBJHOBDJJJI-UHFFFAOYSA-N
pyrene,C16H10,202.07825,C1=CC2=C3C(=C1)C=CC4=CC=CC(=C43)C=C2,BBEAQIROQSPTKN-UHFFFAOYSA-N
benzo[a]pyrene,C20H12,252.09390,C1=CC=C2C3=C4C(=CC2=C1)C=CC5=C4C(=CC=C5)C=C3,FMMWHPNWAFZXNH-UHFFFAOYSA-N
chrysene,C18H12,228.09390,C1=CC=C2C(=C1)C=CC3=C2C=CC4=CC=CC=C43,WDECIBYCCFPHNR-UHFFFAOYSA-N
fluorene;9H-fluorene,C13H10,166.07825,C1C2=CC=CC=C2C3=CC=CC=C31,NIHNNTQXNPWCJQ-UHFFFAOYSA-N
"acenaphthene;1,2-dihydroacenaphthylene",C12H10,154.07825,C1CC2=CC=CC3=C2C1=CC=C3,CWRYPZZKDGJXCA-UHFFFAOYSA-N
1-naphthol;naphthalen-1-ol,C10H8O,144.05751,C1=CC=C2C(=C1)C=CC=C2O,KJCVRFUGPWSIIH-UHFFFAOYSA-N
2-naphthol;naphthalen-2-ol,C10H8O,144.05751,C1=CC=C2C=C(C=CC2=C1)O,JWAZRIHNYRIHIV-UHFFFAOYSA-N
"1,4-dioxane",C4H8O2,88.05243,C1COCCO1,RYHBNJHYFVUHQT-UHFFFAOYSA-N
"tetrachloroethylene;1,1,2,2-tetrachloroethene",C2Cl4,163.87541,C(=C(Cl)Cl)(Cl)Cl,CYTYCFOTNPOANT-UHFFFAOYSA-N
"trichloroethylene;1,1,2-trichloroethene",C2HCl3,129.91438,C(=C(Cl)Cl)Cl,XSTXAVWGXDQKEL-UHFFFAOYSA-N
chloroform,CHCl3,117.91438,C(Cl)(Cl)Cl,HEDRZPFGACZZDS-UHFFFAOYSA-N
carbon tetrachloride;tetrachloromethane,CCl4,151.87541,C(Cl)(Cl)(Cl)Cl,VZGDMQKNWNREIO-UHFFFAOYSA-N
vinyl chloride;chloroethene,C2H3Cl,61.99233,C=CCl,BZHJMEDXRYGGRV-UHFFFAOYSA-N
styrene,C8H8,104.06260,C=CC1=CC=CC=C1,PPBRXRYQALVLMV-UHFFFAOYSA-N
toluene,C7H8,92.06260,CC1=CC=CC=C1,YXFVVABEGXRONW-UHFFFAOYSA-N
benzene,C6H6,78.04695,C1=CC=CC=C1,UHOVQNZJYSORNB-UHFFFAOYSA-N
ethylbenzene,C8H10,106.07825,CCC1=CC=CC=C1,YNQLUTRBYVCPMQ-UHFFFAOYSA-N
methyl tert-butyl ether;tert-butyl methyl ether;2-methoxy-2-methylpropane,C5H12O,88.08882,CC(C)(C)OC,BZLVMXJERCGZMT-UHFFFAOYSA-N
"N-nitrosodimethylamine;N,N-dimethylnitrous amide",C2H6N2O,74.04801,CN(C)N=O,UMFJAHHVKNCGLG-UHFFFAOYSA-N
"dimethylformamide;N,N-DIMETHYLFORMAMIDE",C3H7NO,73.05276,CN(C)C=O,ZMXDDKWLCZADIW-UHFFFAOYSA-N
N-methyl-2-pyrrolidone;1-methylpyrrolidin-2-one;1-METHYL-2-PYRROLIDINONE,C5H9NO,99.06841,CN1CCCC1=O,SECXISVLQFMRJM-UHFFFAOYSA-N
dimethyl sulfoxide;methylsulfinylmethane,C2H6OS,78.01394,CS(=O)C,IAZDPXIOMUYVGZ-UHFFFAOYSA-N
triethanolamine;2-[bis(2-hydroxyethyl)amino]ethanol,C6H15NO3,149.10519,C(CO)N(CCO)CCO,GSEJCLTVZPLZKY-UHFFFAOYSA-N
diethanolamine;2-(2-hydroxyethylamino)ethanol,C4H11NO2,105.07898,C(CO)NCCO,ZBCBWPMODOFKDW-UHFFFAOYSA-N
ethylenediaminetetraacetic acid;EDTA;2-[2-[bis(carboxymethyl)amino]ethyl-(carboxymethyl)amino]acetic acid,C10H16N2O8,292.09067,C(CN(CC(=O)O)CC(=O)O)N(CC(=O)O)CC(=O)O,KCXVZYZYPLLWCC-UHFFFAOYSA-N
nitrilotriacetic acid;2-[bis(carboxymethyl)amino]acetic acid,C6H9NO6,191.04299,C(C(=O)O)N(CC(=O)O)CC(=O)O,MGFYIUFZLHCRTH-UHFFFAOYSA-N
"1,2-ethanediol;ethylene glycol;ethane-1,2-diol",C2H6O2,62.03678,C(CO)O,LYCAIKOWRPUZTN-UHFFFAOYSA-N
"perfluorooctanoic acid;PFOA;2,2,3,3,4,4,5,5,6,6,7,7,8,8,8-pentadecafluorooctanoic acid",C8HF15O2,413.97370,C(=O)(C(C(C(C(C(C(C(F)(F)F)(F)F)(F)F)(F)F)(F)F)(F)F)(F)F)O,SNGREZUHAYWORS-UHFFFAOYSA-N
"perfluorooctanesulfonic acid;PFOS;1,1,2,2,3,3,4,4,5,5,6,6,7,7,8,8,8-heptadecafluorooctane-1-sulfonic acid",C8HF17O3S,499.93749,C(C(C(C(C(F)(F)S(=O)(=O)O)(F)F)(F)F)(F)F)(C(C(C(F)(F)F)(F)F)(F)F)(F)F,YFSUTJLHUFNCNZ-UHFFFAOYSA-N
"perfluorobutanoic acid;PFBA;heptafluorobutyric acid;2,2,3,3,4,4,4-heptafluorobutanoic acid",C4HF7O2,213.98648,C(=O)(C(C(C(F)(F)F)(F)F)(F)F)O,YPJUNDFVDDCYIH-UHFFFAOYSA-N
"perfluoropentanoic acid;PFPeA;2,2,3,3,4,4,5,5,5-nonafluoropentanoic acid",C5HF9O2,263.98328,C(=O)(C(C(C(C(F)(F)F)(F)F)(F)F)(F)F)O,CXZGQIAOTKWCDB-UHFFFAOYSA-N
"perfluorohexanoic acid;PFHxA;2,2,3,3,4,4,5,5,6,6,6-undecafluorohexanoic acid",C6HF11O2,313.98009,C(=O)(C(C(C(C(C(F)(F)F)(F)F)(F)F)(F)F)(F)F)O,PXUULQAPEKKVAH-UHFFFAOYSA-N
"perfluoroheptanoic acid;PFHpA;2,2,3,3,4,4,5,5,6,6,7,7,7-tridecafluoroheptanoic acid",C7HF13O2,363.97690,C(=O)(C(C(C(C(C(C(F)(F)F)(F)F)(F)F)(F)F)(F)F)(F)F)O,ZWBAMYVPMDSJGQ-UHFFFAOYSA-N
"perfluorononanoic acid;PFNA;2,2,3,3,4,4,5,5,6,6,7,7,8,8,9,9,9-heptadecafluorononanoic acid",C9HF17O2,463.97051,C(=O)(C(C(C(C(C(C(C(C(F)(F)F)(F)F)(F)F)(F)F)(F)F)(F)F)(F)F)(F)F)O,UZUFPBIDKMEQEQ-UHFFFAOYSA-N
"perfluorodecanoic acid;PFDA;2,2,3,3,4,4,5,5,6,6,7,7,8,8,9,9,10,10,10-nonadecafluorodecanoic acid",C10HF19O2,513.96731,C(=O)(C(C(C(C(C(C(C(C(C(F)(F)F)(F)F)(F)F)(F)F)(F)F)(F)F)(F)F)(F)F)(F)F)O,PCIUEQPBYFRTEM-UHFFFAOYSA-N
"perfluoroundecanoic acid;PFUnDA;2,2,3,3,4,4,5,5,6,6,7,7,8,8,9,9,10,10,11,11,11-henicosafluoroundecanoic acid",C11HF21O2,563.96412,C(=O)(C(C(C(C(C(C(C(C(C(C(F)(F)F)(F)F)(F)F)(F)F)(F)F)(F)F)(F)F)(F)F)(F)F)(F)F)O,SIDINRCMMRKXGQ-UHFFFAOYSA-N
"perfluorododecanoic acid;PFDoDA;2,2,3,3,4,4,5,5,6,6,7,7,8,8,9,9,10,10,11,11,12,12,12-tricosafluorododecanoic acid",C12HF23O2,613.96093,C(=O)(C(C(C(C(C(C(C(C(C(C(C(F)(F)F)(F)F)(F)F)(F)F)(F)F)(F)F)(F)F)(F)F)(F)F)(F)F)(F)F)O,CXGONMQFMIYUJR-UHFFFAOYSA-N
"perfluorohexanesulfonic acid;PFHxS;1,1,2,2,3,3,4,4,5,5,6,6,6-tridecafluorohexane-1-sulfonic acid",C6HF13O3S,399.94388,C(C(C(C(F)(F)S(=O)(=O)O)(F)F)(F)F)(C(C(F)(F)F)(F)F)(F)F,QZHDEAJFRJCDMF-UHFFFAOYSA-N
"perfluoroheptanesulfonic acid;PFHpS;1,1,2,2,3,3,4,4,5,5,6,6,7,7,7-pentadecafluoroheptane-1-sulfonic acid",C7HF15O3S,449.94069,C(C(C(C(F)(F)F)(F)F)(F)F)(C(C(C(F)(F)S(=O)(=O)O)(F)F)(F)F)(F)F,OYGQVDSRYXATEL-UHFFFAOYSA-N
"perfluorodecanesulfonic acid;PFDS;perfluorodecane sulfonic acid;1,1,2,2,3,3,4,4,5,5,6,6,7,7,8,8,9,9,10,10,10-henicosafluorodecane-1-sulfonic acid",C10HF21O3S,599.93111,C(C(C(C(C(C(F)(F)S(=O)(=O)O)(F)F)(F)F)(F)F)(F)F)(C(C(C(C(F)(F)F)(F)F)(F)F)(F)F)(F)F,HYWZIAVPBSTISZ-UHFFFAOYSA-N
"perfluorooctanesulfonamide;PFOSA;1,1,2,2,3,3,4,4,5,5,6,6,7,7,8,8,8-heptadecafluorooctane-1-sulfonamide",C8H2F17NO2S,498.95348,C(C(C(C(C(F)(F)S(=O)(=O)N)(F)F)(F)F)(F)F)(C(C(C(F)(F)F)(F)F)(F)F)(F)F,RRRXPPIDPYTNJG-UHFFFAOYSA-N
"sucralose;(2R,3R,4R,5R,6R)-2-[(2R,3S,4S,5S)-2,5-bis(chloromethyl)-3,4-dihydroxyoxolan-2-yl]oxy-5-chloro-6-(hydroxymethyl)oxane-3,4-diol",C12H19Cl3O8,396.01455,C([C@@H]1[C@@H]([C@@H]([C@H]([C@H](O1)O[C@]2([C@H]([C@@H]([C@H](O2)CCl)O)O)CCl)O)O)Cl)O,BAQAVOSOZGMPRM-QBMZZYIRSA-N
"acesulfame;6-methyl-2,2-dioxooxathiazin-4-one",C4H5NO4S,162.99393,CC1=CC(=O)NS(=O)(=O)O1,YGCFIWIQZPHFLU-UHFFFAOYSA-N
"saccharin;1,1-dioxo-1,2-benzothiazol-3-one",C7H5NO3S,182.99901,C1=CC=C2C(=C1)C(=O)NS2(=O)=O,CVHZOJJKTDOEJC-UHFFFAOYSA-N
cyclamate;cyclamic acid;cyclohexylsulfamic acid,C6H13NO3S,179.06161,C1CCC(CC1)NS(=O)(=O)O,HCAJEUSONLESMK-UHFFFAOYSA-N
aspartame;(3S)-3-amino-4-[[(2S)-1-methoxy-1-oxo-3-phenylpropan-2-yl]amino]-4-oxobutanoic acid,C14H18N2O5,294.12157,COC(=O)[C@H](CC1=CC=CC=C1)NC(=O)[C@H](CC(=O)O)N,IAOZJIPTCAWIRG-QWRGUYRKSA-N
aspartic acid;L-aspartic acid;(2S)-2-aminobutanedioic acid,C4H7NO4,133.03751,C([C@@H](C(=O)O)N)C(=O)O,CKLJMWTZIZZHCS-REOHCLBHSA-N
glutamic acid;L-glutamic acid;(2S)-2-aminopentanedioic acid,C5H9NO4,147.05316,C(CC(=O)O)[C@@H](C(=O)O)N,WHUUTDBJXJRKMK-VKHMYHEASA-N
glycine;2-aminoacetic acid,C2H5NO2,75.03203,C(C(=O)O)N,DHMQDGOQFOQNFH-UHFFFAOYSA-N
alanine;L-alanine;(2S)-2-aminopropanoic acid,C3H7NO2,89.04768,C[C@@H](C(=O)O)N,QNAYBMKLOCPYGJ-REOHCLBHSA-N
valine;L-valine;(2S)-2-amino-3-methylbutanoic acid,C5H11NO2,117.07898,CC(C)[C@@H](C(=O)O)N,KZSNJWFQEVHDMF-BYPYZUCNSA-N
leucine;L-leucine;(2S)-2-amino-4-methylpentanoic acid,C6H13NO2,131.09463,CC(C)C[C@@H](C(=O)O)N,ROHFNLRQFUQHCH-YFKPBYRVSA-N
"isoleucine;L-isoleucine;(2S,3S)-2-amino-3-methylpentanoic acid",C6H13NO2,131.09463,CC[C@H](C)[C@@H](C(=O)O)N,AGPKZVBTJJNPAG-WHFBIAKZSA-N
proline;L-proline;(2S)-pyrrolidine-2-carboxylic acid,C5H9NO2,115.06333,C1C[C@H](NC1)C(=O)O,ONIBWKKTOPOVIA-BYPYZUCNSA-N
phenylalanine;L-phenylalanine;(2S)-2-amino-3-phenylpropanoic acid,C9H11NO2,165.07898,C1=CC=C(C=C1)C[C@@H](C(=O)O)N,COLNVLDHVKWLRT-QMMMGPOBSA-N
tyrosine;L-tyrosine;(2S)-2-amino-3-(4-hydroxyphenyl)propanoic acid,C9H11NO3,181.07389,C1=CC(=CC=C1C[C@@H](C(=O)O)N)O,OUYCCCASQSFEME-QMMMGPOBSA-N
tryptophan;L-tryptophan;(2S)-2-amino-3-(1H-indol-3-yl)propanoic acid,C11H12N2O2,204.08988,C1=CC=C2C(=C1)C(=CN2)C[C@@H](C(=O)O)N,QIVBCDIJIAJPQS-VIFPVBQESA-N
serine;L-serine;(2S)-2-amino-3-hydroxypropanoic acid,C3H7NO3,105.04259,C([C@@H](C(=O)O)N)O,MTCFGRXMJLQNBG-REOHCLBHSA-N
"threonine;L-threonine;(2S,3R)-2-amino-3-hydroxybutanoic acid",C4H9NO3,119.05824,C[C@H]([C@@H](C(=O)O)N)O,AYFVYJQAPQTCCC-GBXIJSLDSA-N
methionine;L-methionine;(2S)-2-amino-4-methylsulfanylbutanoic acid,C5H11NO2S,149.05105,CSCC[C@@H](C(=O)O)N,FFEARJCKVFRZRR-BYPYZUCNSA-N
cysteine;L-cysteine;(2R)-2-amino-3-sulfanylpropanoic acid,C3H7NO2S,121.01975,C([C@@H](C(=O)O)N)S,XUJNEKJLAYXESH-REOHCLBHSA-N
"lysine;L-lysine;(2S)-2,6-diaminohexanoic acid",C6H14N2O2,146.10553,C(CCN)C[C@@H](C(=O)O)N,KDXKERNSBIXSRK-YFKPBYRVSA-N
arginine;L-arginine;(2S)-2-amino-5-(diaminomethylideneamino)pentanoic acid,C6H14N4O2,174.11168,C(C[C@@H](C(=O)O)N)CN=C(N)N,ODKSFYDXXFIFQN-BYPYZUCNSA-N
histidine;L-histidine;(2S)-2-amino-3-(1H-imidazol-5-yl)propanoic acid,C6H9N3O2,155.06948,C1=C(NC=N1)C[C@@H](C(=O)O)N,HNDVDQJCIGZPNO-YFKPBYRVSA-N
"asparagine;L-asparagine;(2S)-2,4-diamino-4-oxobutanoic acid",C4H8N2O3,132.05349,C([C@@H](C(=O)O)N)C(=O)N,DCXYFEDJOCDNAF-REOHCLBHSA-N
"glutamine;L-glutamine;(2S)-2,5-diamino-5-oxopentanoic acid",C5H10N2O3,146.06914,C(CC(=O)N)[C@@H](C(=O)O)N,ZDXPYRJPNDTMRX-VKHMYHEASA-N
"citric acid;2-hydroxypropane-1,2,3-tricarboxylic acid",C6H8O7,192.02700,C(C(=O)O)C(CC(=O)O)(C(=O)O)O,KRKNYBCHXYNGOX-UHFFFAOYSA-N
lactic acid;2-hydroxypropanoic acid,C3H6O3,90.03169,CC(C(=O)O)O,JVTAAEKCZFNVCJ-UHFFFAOYSA-N
malic acid;2-hydroxybutanedioic acid,C4H6O5,134.02152,C(C(C(=O)O)O)C(=O)O,BJEPYKJPYRNKOW-UHFFFAOYSA-N
succinic acid;butanedioic acid,C4H6O4,118.02661,C(CC(=O)O)C(=O)O,KDYFGRWQOYBRFD-UHFFFAOYSA-N
fumaric acid;(E)-but-2-enedioic acid,C4H4O4,116.01096,C(=C/C(=O)O)\C(=O)O,VZCYOOQTPOCHFL-OWOJBTEDSA-N
"tartaric acid;L-tartaric acid;(2R,3R)-2,3-dihydroxybutanedioic acid",C4H6O6,150.01644,[C@@H]([C@H](C(=O)O)O)(C(=O)O)O,FEWJPZIEWOKRBE-JCYAYHJZSA-N
"ascorbic acid;L-ascorbic acid;(2R)-2-[(1S)-1,2-dihydroxyethyl]-3,4-dihydroxy-2H-furan-5-one",C6H8O6,176.03209,C([C@@H]([C@@H]1C(=C(C(=O)O1)O)O)O)O,CIWBSHSKHKDKBQ-JLAZNSOCSA-N
nicotinamide;pyridine-3-carboxamide,C6H6N2O,122.04801,C1=CC(=CN=C1)C(=O)N,DFPAKSUCGFBDDF-UHFFFAOYSA-N
nicotinic acid;pyridine-3-carboxylic acid,C6H5NO2,123.03203,C1=CC(=CN=C1)C(=O)O,PVNIIMVLHYAWGP-UHFFFAOYSA-N
"riboflavin;7,8-dimethyl-10-[(2S,3S,4R)-2,3,4,5-tetrahydroxypentyl]benzo[g]pteridine-2,4-dione",C17H20N4O6,376.13828,CC1=CC2=C(C=C1C)N(C3=NC(=O)NC(=O)C3=N2)C[C@@H]([C@@H]([C@@H](CO)O)O)O,AUNGANRZJHBGPY-SCRDCRAPSA-N
"thiamine;2-[3-[(4-amino-2-methylpyrimidin-5-yl)methyl]-4-methyl-1,3-thiazol-3-ium-5-yl]ethanol",C12H17N4OS,265.11231,CC1=C(SC=[N+]1CC2=CN=C(N=C2N)C)CCO,JZRWCGZRTZMZEH-UHFFFAOYSA-N
"pyridoxine;4,5-bis(hydroxymethyl)-2-methylpyridin-3-ol",C8H11NO3,169.07389,CC1=NC=C(C(=C1O)CO)CO,LXNHXLLTXMVWPM-UHFFFAOYSA-N
"biotin;5-[(3aS,4S,6aR)-2-oxo-1,3,3a,4,6,6a-hexahydrothieno[3,4-d]imidazol-4-yl]pentanoic acid",C10H16N2O3S,244.08816,C1[C@H]2[C@@H]([C@@H](S1)CCCCC(=O)O)NC(=O)N2,YBJHBAHKTGYVGT-ZKWXMUAHSA-N
folic acid;(2S)-2-[[4-[(2-amino-4-oxo-3H-pteridin-6-yl)methylamino]benzoyl]amino]pentanedioic acid,C19H19N7O6,441.13968,C1=CC(=CC=C1C(=O)N[C@@H](CCC(=O)O)C(=O)O)NCC2=CN=C3C(=N2)C(=O)NC(=N3)N,OVBPIULPVIDEAO-LBPRGKRZSA-N
"glucose;D-glucopyranose;(3R,4S,5S,6R)-6-(hydroxymethyl)oxane-2,3,4,5-tetrol",C6H12O6,180.06339,C([C@@H]1[C@H]([C@@H]([C@H](C(O1)O)O)O)O)O,WQZGKKKJIJFFOK-GASJEMHNSA-N
"fructose;D-fructopyranose;(3S,4R,5R)-2-(hydroxymethyl)oxane-2,3,4,5-tetrol",C6H12O6,180.06339,C1[C@H]([C@H]([C@@H](C(O1)(CO)O)O)O)O,LKDRXBCSQODPBY-VRPWFDPXSA-N
"sucrose;(2R,3R,4S,5S,6R)-2-[(2S,3S,4S,5R)-3,4-dihydroxy-2,5-bis(hydroxymethyl)oxolan-2-yl]oxy-6-(hydroxymethyl)oxane-3,4,5-triol",C12H22O11,342.11621,C([C@@H]1[C@H]([C@@H]([C@H]([C@H](O1)O[C@]2([C@H]([C@@H]([C@H](O2)CO)O)O)CO)O)O)O)O,CZMRCDWAGMRECN-UGDNZRGBSA-N
"lactose;CHEBI:17716;(2R,3R,4S,5R,6S)-2-(hydroxymethyl)-6-[(2R,3S,4R,5R)-4,5,6-trihydroxy-2-(hydroxymethyl)oxan-3-yl]oxyoxane-3,4,5-triol",C12H22O11,342.11621,C([C@@H]1[C@@H]([C@@H]([C@H]([C@@H](O1)O[C@@H]2[C@H](OC([C@@H]([C@H]2O)O)O)CO)O)O)O)O,GUBGYTABKSRVRQ-QKKXKWKRSA-N
creatine;2-[carbamimidoyl(methyl)amino]acetic acid,C4H9N3O2,131.06948,CN(CC(=O)O)C(=N)N,CVSVTCORWBXHQV-UHFFFAOYSA-N
choline;2-hydroxyethyl(trimethyl)azanium,C5H14NO,104.10754,C[N+](C)(C)CCO,OEYIOHPDSNJKLS-UHFFFAOYSA-N
adenine;7H-purin-6-amine,C5H5N5,135.05450,C1=NC2=NC=NC(=C2N1)N,GFFGJBXGBJISGV-UHFFFAOYSA-N
"guanine;2-amino-1,7-dihydropurin-6-one",C5H5N5O,151.04941,C1=NC2=C(N1)C(=O)NC(=N2)N,UYTPUPDQBNUYGX-UHFFFAOYSA-N
cytosine;6-amino-1H-pyrimidin-2-one,C4H5N3O,111.04326,C1=C(NC(=O)N=C1)N,OPTASPLRGRRNAP-UHFFFAOYSA-N
"thymine;5-methyl-1H-pyrimidine-2,4-dione",C5H6N2O2,126.04293,CC1=CNC(=O)NC1=O,RWQNBRDOKXIBIV-UHFFFAOYSA-N
"uracil;1H-pyrimidine-2,4-dione",C4H4N2O2,112.02728,C1=CNC(=O)NC1=O,ISAKRJDGNUQOIC-UHFFFAOYSA-N
"adenosine;(2R,3R,4S,5R)-2-(6-aminopurin-9-yl)-5-(hydroxymethyl)oxolane-3,4-diol",C10H13N5O4,267.09675,C1=NC(=C2C(=N1)N(C=N2)[C@H]3[C@@H]([C@@H]([C@H](O3)CO)O)O)N,OIRDTQYFTABQOQ-KQYNXXCUSA-N
"caffeic acid;(E)-3-(3,4-dihydroxyphenyl)prop-2-enoic acid",C9H8O4,180.04226,C1=CC(=C(C=C1/C=C/C(=O)O)O)O,QAIPRVGONGVQAS-DUXPYHPUSA-N
"chlorogenic acid;(1S,3R,4R,5R)-3-[(E)-3-(3,4-dihydroxyphenyl)prop-2-enoyl]oxy-1,4,5-trihydroxycyclohexane-1-carboxylic acid",C16H18O9,354.09508,C1[C@H]([C@H]([C@@H](C[C@@]1(C(=O)O)O)OC(=O)/C=C/C2=CC(=C(C=C2)O)O)O)O,CWVRJTMFETXNAD-JUHZACGLSA-N
ferulic acid;(E)-3-(4-hydroxy-3-methoxyphenyl)prop-2-enoic acid,C10H10O4,194.05791,COC1=C(C=CC(=C1)/C=C/C(=O)O)O,KSEBMYQBYZTDHS-HWKANZROSA-N
"gallic acid;3,4,5-trihydroxybenzoic acid",C7H6O5,170.02152,C1=C(C=C(C(=C1O)O)O)C(=O)O,LNTHITQWFMADLM-UHFFFAOYSA-N
p-coumaric acid;(E)-3-(4-hydroxyphenyl)prop-2-enoic acid,C9H8O3,164.04734,C1=CC(=CC=C1/C=C/C(=O)O)O,NGSWKAQJJWESNS-ZZXKWVIFSA-N
vanillin;4-hydroxy-3-methoxybenzaldehyde,C8H8O3,152.04734,COC1=C(C=CC(=C1)C=O)O,MWOOGOJBHIARFG-UHFFFAOYSA-N
"quercetin;2-(3,4-dihydroxyphenyl)-3,5,7-trihydroxychromen-4-one",C15H10O7,302.04265,C1=CC(=C(C=C1C2=C(C(=O)C3=C(C=C(C=C3O2)O)O)O)O)O,REFJWTPEDVJJIY-UHFFFAOYSA-N
"kaempferol;3,5,7-trihydroxy-2-(4-hydroxyphenyl)chromen-4-one",C15H10O6,286.04774,C1=CC(=CC=C1C2=C(C(=O)C3=C(C=C(C=C3O2)O)O)O)O,IYRMWMYZSQPJKC-UHFFFAOYSA-N
"luteolin;2-(3,4-dihydroxyphenyl)-5,7-dihydroxychromen-4-one",C15H10O6,286.04774,C1=CC(=C(C=C1C2=CC(=O)C3=C(C=C(C=C3O2)O)O)O)O,IQPNAANSBPBGFQ-UHFFFAOYSA-N
"apigenin;5,7-dihydroxy-2-(4-hydroxyphenyl)chromen-4-one",C15H10O5,270.05282,C1=CC(=CC=C1C2=CC(=O)C3=C(C=C(C=C3O2)O)O)O,KZNIFHPLKGYRTM-UHFFFAOYSA-N
"naringenin;(2S)-5,7-dihydroxy-2-(4-hydroxyphenyl)-2,3-dihydrochromen-4-one",C15H12O5,272.06847,C1[C@H](OC2=CC(=CC(=C2C1=O)O)O)C3=CC=C(C=C3)O,FTVWIRXFELQLPI-ZDUSSCGKSA-N
"epicatechin;(-)-epicatechin;(2R,3R)-2-(3,4-dihydroxyphenyl)-3,4-dihydro-2H-chromene-3,5,7-triol",C15H14O6,290.07904,C1[C@H]([C@H](OC2=CC(=CC(=C21)O)O)C3=CC(=C(C=C3)O)O)O,PFTAWBLQPZVEMU-UKRRQHHQSA-N
"resveratrol;5-[(E)-2-(4-hydroxyphenyl)ethenyl]benzene-1,3-diol",C14H12O3,228.07864,C1=CC(=CC=C1/C=C/C2=CC(=CC(=C2)O)O)O,LUKBXSAWLPMMSZ-OWOJBTEDSA-N
"curcumin;(1E,6E)-1,7-bis(4-hydroxy-3-methoxyphenyl)hepta-1,6-diene-3,5-dione",C21H20O6,368.12599,COC1=C(C=CC(=C1)/C=C/C(=O)CC(=O)/C=C/C2=CC(=C(C=C2)O)OC)O,VFLDPWHFBUODDF-FCXRPNKRSA-N
"genistein;5,7-dihydroxy-3-(4-hydroxyphenyl)chromen-4-one",C15H10O5,270.05282,C1=CC(=CC=C1C2=COC3=CC(=CC(=C3C2=O)O)O)O,TZBJGXHYKVUXJN-UHFFFAOYSA-N
daidzein;7-hydroxy-3-(4-hydroxyphenyl)chromen-4-one,C15H10O4,254.05791,C1=CC(=CC=C1C2=COC3=C(C2=O)C=CC(=C3)O)O,ZQSIJRDFPHDXIC-UHFFFAOYSA-N
menthol;5-methyl-2-propan-2-ylcyclohexan-1-ol,C10H20O,156.15142,CC1CCC(C(C1)O)C(C)C,NOOLISFMXDJSKH-UHFFFAOYSA-N
limonene;d-limonene;(4R)-1-methyl-4-prop-1-en-2-ylcyclohexene,C10H16,136.12520,CC1=CC[C@@H](CC1)C(=C)C,XMGQYMWWDOXHJM-JTQLQIEISA-N
"linalool;3,7-dimethylocta-1,6-dien-3-ol",C10H18O,154.13577,CC(=CCCC(C)(C=C)O)C,CDOSHBSSFJOMGT-UHFFFAOYSA-N
"camphor;1,7,7-trimethylbicyclo[2.2.1]heptan-2-one",C10H16O,152.12012,CC1(C2CCC1(C(=O)C2)C)C,DSSYKIVIOFKYAU-UHFFFAOYSA-N
eugenol;2-methoxy-4-prop-2-enylphenol,C10H12O2,164.08373,COC1=C(C=CC(=C1)CC=C)O,RRAFCDWBNXTKKO-UHFFFAOYSA-N
thymol;5-methyl-2-propan-2-ylphenol,C10H14O,150.10447,CC1=CC(=C(C=C1)C(C)C)O,MGSRCZKZVOBKFT-UHFFFAOYSA-N
carvacrol;2-methyl-5-propan-2-ylphenol,C10H14O,150.10447,CC1=C(C=C(C=C1)C(C)C)O,RECUKUPTGUEGMW-UHFFFAOYSA-N
capsaicin;(E)-N-[(4-hydroxy-3-methoxyphenyl)methyl]-8-methylnon-6-enamide,C18H27NO3,305.19909,CC(C)/C=C/CCCCC(=O)NCC1=CC(=C(C=C1)O)OC,YKPUWZUDDOIDPM-SOFGYWHQSA-N
"piperine;(2E,4E)-5-(1,3-benzodioxol-5-yl)-1-piperidin-1-ylpenta-2,4-dien-1-one",C17H19NO3,285.13649,C1CCN(CC1)C(=O)/C=C/C=C/C2=CC3=C(C=C2)OCO3,MXXWOMGUGJBKIW-YPCIICBESA-N
"squalene;(6E,10E,14E,18E)-2,6,10,15,19,23-hexamethyltetracosa-2,6,10,14,18,22-hexaene",C30H50,410.39125,CC(=CCC/C(=C/CC/C(=C/CC/C=C(/CC/C=C(/CCC=C(C)C)\C)\C)/C)/C)C,YYGNTYWPHWGJRM-AAJYLUCBSA-N
"cholesterol;(3S,8S,9S,10R,13R,14S,17R)-10,13-dimethyl-17-[(2R)-6-methylheptan-2-yl]-2,3,4,7,8,9,11,12,14,15,16,17-dodecahydro-1H-cyclopenta[a]phenanthren-3-ol",C27H46O,386.35487,C[C@H](CCCC(C)C)[C@H]1CC[C@@H]2[C@@]1(CC[C@H]3[C@H]2CC=C4[C@@]3(CC[C@@H](C4)O)C)C,HVYWMOMLDIMFJA-DPAQBDIFSA-N
stearic acid;octadecanoic acid,C18H36O2,284.27153,CCCCCCCCCCCCCCCCCC(=O)O,QIQXTHQIDYTFRH-UHFFFAOYSA-N
palmitic acid;hexadecanoic acid,C16H32O2,256.24023,CCCCCCCCCCCCCCCC(=O)O,IPCSVZSSVZVIGE-UHFFFAOYSA-N
oleic acid;(Z)-octadec-9-enoic acid,C18H34O2,282.25588,CCCCCCCC/C=C\CCCCCCCC(=O)O,ZQPPMHVWECSIRJ-KTKRTIGZSA-N
"linoleic acid;(9Z,12Z)-octadeca-9,12-dienoic acid",C18H32O2,280.24023,CCCCC/C=C\C/C=C\CCCCCCCC(=O)O,OYHQOLUKZRVURQ-HZJYTTRNSA-N
lauric acid;dodecanoic acid,C12H24O2,200.17763,CCCCCCCCCCCC(=O)O,POULHZVOKOAJMA-UHFFFAOYSA-N
myristic acid;tetradecanoic acid,C14H28O2,228.20893,CCCCCCCCCCCCCC(=O)O,TUNFSRHWOTWDNC-UHFFFAOYSA-N
"arachidonic acid;(5Z,8Z,11Z,14Z)-icosa-5,8,11,14-tetraenoic acid",C20H32O2,304.24023,CCCCC/C=C\C/C=C\C/C=C\C/C=C\CCCC(=O)O,YZXBAPSDXZZRGB-DOFZRALJSA-N
melatonin;N-[2-(5-methoxy-1H-indol-3-yl)ethyl]acetamide,C13H16N2O2,232.12118,CC(=O)NCCC1=CNC2=C1C=C(C=C2)OC,DRLFMBDRBRZALE-UHFFFAOYSA-N
serotonin;3-(2-aminoethyl)-1H-indol-5-ol,C10H12N2O,176.09496,C1=CC2=C(C=C1O)C(=CN2)CCN,QZAYGJVTTNCVMB-UHFFFAOYSA-N
"dopamine;4-(2-aminoethyl)benzene-1,2-diol",C8H11NO2,153.07898,C1=CC(=C(C=C1CCN)O)O,VYFYYTLLBUKUHU-UHFFFAOYSA-N
"epinephrine;4-[(1R)-1-hydroxy-2-(methylamino)ethyl]benzene-1,2-diol",C9H13NO3,183.08954,CNC[C@@H](C1=CC(=C(C=C1)O)O)O,UCTWMZQNUQWSLP-VIFPVBQESA-N
"norepinephrine;4-[(1R)-2-amino-1-hydroxyethyl]benzene-1,2-diol",C8H11NO3,169.07389,C1=CC(=C(C=C1[C@H](CN)O)O)O,SFLSHLFXELFNJZ-QMMMGPOBSA-N
histamine;2-(1H-imidazol-5-yl)ethanamine,C5H9N3,111.07965,C1=C(NC=N1)CCN,NTYJJOPFIAHURM-UHFFFAOYSA-N
tyramine;4-(2-aminoethyl)phenol,C8H11NO,137.08406,C1=CC(=CC=C1CCN)O,DZGWFCGJZKJUFP-UHFFFAOYSA-N
"cadaverine;Pentane-1,5-diamine",C5H14N2,102.11570,C(CCN)CCN,VHRGRCVQAFMJIZ-UHFFFAOYSA-N
"putrescine;1,4-diaminobutane;butane-1,4-diamine",C4H12N2,88.10005,C(CCN)CN,KIDHWZJUCRJVML-UHFFFAOYSA-N
"spermidine;N'-(3-aminopropyl)butane-1,4-diamine",C7H19N3,145.15790,C(CCNCCCN)CN,ATHGHQPFGPMSJY-UHFFFAOYSA-N
"spermine;N,N'-bis(3-aminopropyl)butane-1,4-diamine",C10H26N4,202.21575,C(CCNCCCN)CNCCCN,PFNFFQXMRSDOHW-UHFFFAOYSA-N
"aflatoxin B1;(3S,7R)-11-methoxy-6,8,19-trioxapentacyclo[10.7.0.02,9.03,7.013,17]nonadeca-1,4,9,11,13(17)-pentaene-16,18-dione",C17H12O6,312.06339,COC1=C2C3=C(C(=O)CC3)C(=O)OC2=C4[C@@H]5C=CO[C@@H]5OC4=C1,OQIQSTLJSLGHID-WNWIJWBNSA-N
"ochratoxin A;(2S)-2-[[(3R)-5-chloro-8-hydroxy-3-methyl-1-oxo-3,4-dihydroisochromene-7-carbonyl]amino]-3-phenylpropanoic acid",C20H18ClNO6,403.08227,C[C@@H]1CC2=C(C=C(C(=C2C(=O)O1)O)C(=O)N[C@@H](CC3=CC=CC=C3)C(=O)O)Cl,RWQKHEORZBHNRI-BMIGLBTASA-N
"zearalenone;(4S,12E)-16,18-dihydroxy-4-methyl-3-oxabicyclo[12.4.0]octadeca-1(14),12,15,17-tetraene-2,8-dione",C18H22O5,318.14672,C[C@H]1CCCC(=O)CCC/C=C/C2=C(C(=CC(=C2)O)O)C(=O)O1,MBMQEIFVQACCCH-QBODLPLBSA-N
"deoxynivalenol;(1R,2R,3S,7R,9R,10R,12S)-3,10-dihydroxy-2-(hydroxymethyl)-1,5-dimethylspiro[8-oxatricyclo[7.2.1.02,7]dodec-5-ene-12,2'-oxirane]-4-one",C15H20O6,296.12599,CC1=C[C@@H]2[C@]([C@@H](C1=O)O)([C@]3(C[C@H]([C@H]([C@@]34CO4)O2)O)C)CO,LINOMUASTDIRTM-QGRHZQQGSA-N
"fumonisin B1;(2R)-2-[2-[(5R,6R,7S,9S,11R,16R,18S,19S)-19-amino-6-[(3R)-3,4-dicarboxybutanoyl]oxy-11,16,18-trihydroxy-5,9-dimethylicosan-7-yl]oxy-2-oxoethyl]butanedioic acid",C34H59NO15,721.38847,CCCC[C@@H](C)[C@H]([C@H](C[C@@H](C)C[C@@H](CCCC[C@H](C[C@@H]([C@H](C)N)O)O)O)OC(=O)C[C@@H](CC(=O)O)C(=O)O)OC(=O)C[C@@H](CC(=O)O)C(=O)O,UVBUBMSSQKOIBE-DSLOAKGESA-N
"patulin;4-hydroxy-4,6-dihydrofuro[3,2-c]pyran-2-one",C7H6O4,154.02661,C1C=C2C(=CC(=O)O2)C(O1)O,ZRWPUFFVAOMMNM-UHFFFAOYSA-N
"microcystin-LR;(5R,8S,11R,12S,15S,18S,19S,22R)-15-[3-(diaminomethylideneamino)propyl]-18-[(1E,3E,5S,6S)-6-methoxy-3,5-dimethyl-7-phenylhepta-1,3-dienyl]-1,5,12,19-tetramethyl-2-methylidene-8-(2-methylpropyl)-3,6,9,13,16,20,25-heptaoxo-1,4,7,10,14,17,21-heptazacyclopentacosane-11,22-dicarboxylic acid",C49H74N10O12,994.54877,C[C@H]1[C@@H](NC(=O)[C@@H](NC(=O)[C@H]([C@@H](NC(=O)[C@@H](NC(=O)[C@H](NC(=O)C(=C)N(C(=O)CC[C@@H](NC1=O)C(=O)O)C)C)CC(C)C)C(=O)O)C)CCCN=C(N)N)/C=C/C(=C/[C@H](C)[C@H](CC2=CC=CC=C2)OC)/C,ZYZCGGRZINLQBL-GWRQVWKTSA-N
"saxitoxin;[(3aS,4R,10aS)-2,6-diamino-10,10-dihydroxy-3a,4,8,9-tetrahydro-1H-pyrrolo[1,2-c]purin-4-yl]methyl carbamate",C10H17N7O4,299.13420,C1CN2C(=N[C@H]([C@H]3[C@]2(C1(O)O)NC(=N3)N)COC(=O)N)N,RPQXVSUAYFXFJA-HGRQIUPRSA-N
"domoic acid;(2S,3S,4S)-4-[(2Z,4E,6R)-6-carboxyhepta-2,4-dien-2-yl]-3-(carboxymethyl)pyrrolidine-2-carboxylic acid",C15H21NO6,311.13689,C[C@H](/C=C/C=C(/C)\[C@H]1CN[C@@H]([C@H]1CC(=O)O)C(=O)O)C(=O)O,VZFRNCSOCOPNDB-AOKDLOFSSA-N
"atropine;RefChem:1092872;[(1S,5R)-8-methyl-8-azabicyclo[3.2.1]octan-3-yl] 3-hydroxy-2-phenylpropanoate",C17H23NO3,289.16779,CN1[C@@H]2CC[C@H]1CC(C2)OC(=O)C(CO)C3=CC=CC=C3,RKUNBYITZUJHSG-PJPHBNEVSA-N
"scopolamine;Scopace;[(1S,2S,4R,5R)-9-methyl-3-oxa-9-azatricyclo[3.3.1.02,4]nonan-7-yl] (2S)-3-hydroxy-2-phenylpropanoate",C17H21NO4,303.14706,CN1[C@@H]2CC(C[C@H]1[C@H]3[C@@H]2O3)OC(=O)[C@H](CO)C4=CC=CC=C4,STECJAGHUSJQJN-USLFZFAMSA-N
"strychnine;(4aR,5aS,8aR,13aS,15aS,15bR)-4a,5,5a,7,8,13a,15,15a,15b,16-decahydro-2H-4,6-methanoindolo[3,2,1-ij]oxepino[2,3,4-de]pyrrolo[2,3-h]quinolin-14-one",C21H22N2O2,334.16813,C1CN2CC3=CCO[C@H]4CC(=O)N5[C@H]6[C@H]4[C@H]3C[C@H]2[C@@]61C7=CC=CC=C75,QMGVPVSNSZLJIA-FVWCLLPLSA-N
